playerID,tmID,target_year,height,weight,is_guard,is_forward,is_center,college_score,has_college,coach_win_pct,coach_playoff_wins,team_win_pct,team_conf_rank,team_made_playoffs,won_rookie_of_the_year
aldrima01w,WAS,1,71.0,153,1,0,0,1,1,0.5,0,0.5,6.0,0,0
anderke01w,WAS,1,67.0,125,1,0,0,1,1,0.5,0,0.5,6.0,0,0
andrame01w,CLE,1,71.0,165,0,1,0,1,1,0.5,0,0.5,6.0,0,0
arcaija01w,HOU,1,71.0,147,1,0,0,0,0,0.5,0,0.5,6.0,0,0
askamma01w,MIA,1,77.0,198,0,0,1,0,0,0.5,0,0.5,6.0,0,0
aycocan01w,MIN,1,74.0,172,1,1,0,1,1,0.5,0,0.5,6.0,0,0
aycocan01w,SEA,1,74.0,172,1,1,0,1,1,0.5,0,0.5,6.0,0,0
azzije01w,UTA,1,68.0,143,1,0,0,1,1,0.5,0,0.5,6.0,0,0
badertr01w,CLE,1,64.0,125,1,0,0,1,1,0.5,0,0.5,6.0,0,0
banchrh01w,SAC,1,75.0,185,0,0,1,1,1,0.5,0,0.5,6.0,0,0
barnead01w,CLE,1,71.0,165,0,1,0,1,1,0.5,0,0.5,6.0,0,0
barnequ01w,SEA,1,77.0,185,0,0,1,1,1,0.5,0,0.5,6.0,0,0
bauerca01w,CHA,1,76.0,180,0,1,1,1,1,0.5,0,0.5,6.0,0,0
beviltu01w,POR,1,67.0,145,1,0,0,0,0,0.5,0,0.5,6.0,0,0
bibbyje01w,NYL,1,67.0,139,1,0,0,0,0,0.5,0,0.5,6.0,0,0
blackde01w,MIA,1,63.0,124,1,0,0,1,1,0.5,0,0.5,6.0,0,0
blodgci01w,SAC,1,69.0,130,1,0,0,1,1,0.5,0,0.5,6.0,0,0
boltoru01w,SAC,1,69.0,150,1,0,0,1,1,0.5,0,0.5,6.0,0,0
brazian01w,CHA,1,74.0,169,0,1,0,1,1,0.5,0,0.5,6.0,0,0
brogami01w,PHO,1,73.0,177,0,1,0,0,0,0.5,0,0.5,6.0,0,0
browned01w,DET,1,69.0,163,1,1,0,1,1,0.5,0,0.5,6.0,0,0
brownru01w,CLE,1,74.0,175,0,1,0,1,1,0.5,0,0.5,6.0,0,0
brumfma01w,MIN,1,68.0,133,1,0,0,1,1,0.5,0,0.5,6.0,0,0
bullevi01w,WAS,1,75.0,185,0,1,0,1,1,0.5,0,0.5,6.0,0,0
burgeli01w,SAC,1,73.0,173,0,1,0,1,1,0.5,0,0.5,6.0,0,0
burraal01w,POR,1,75.0,218,0,0,1,1,1,0.5,0,0.5,6.0,0,0
byearla01w,SAC,1,71.0,206,1,1,0,1,1,0.5,0,0.5,6.0,0,0
campbed01w,SEA,1,68.0,152,1,0,0,1,1,0.5,0,0.5,6.0,0,0
campbmi01w,WAS,1,77.0,170,0,1,1,1,1,0.5,0,0.5,6.0,0,0
cantydo01w,DET,1,69.0,162,1,1,0,1,1,0.5,0,0.5,6.0,0,0
cassija01w,MIA,1,75.0,187,0,0,1,1,1,0.5,0,0.5,6.0,0,0
clearmi01w,PHO,1,66.0,126,1,0,0,1,1,0.5,0,0.5,6.0,0,0
clinest01w,SAC,1,65.0,148,1,0,0,1,1,0.5,0,0.5,6.0,0,0
colleka01w,MIA,1,70.0,145,1,1,0,1,1,0.5,0,0.5,6.0,0,0
coopecy01w,HOU,1,70.0,150,1,0,0,1,1,0.5,0,0.5,6.0,0,0
crawlsy01w,POR,1,77.0,187,0,1,1,1,1,0.5,0,0.5,6.0,0,0
cunnibe01w,WAS,1,72.0,163,1,0,0,1,1,0.5,0,0.5,6.0,0,0
daleygr01w,MIN,1,66.0,147,1,0,0,1,1,0.5,0,0.5,6.0,0,0
darlihe01w,CLE,1,66.0,164,1,0,0,1,1,0.5,0,0.5,6.0,0,0
deforan01w,DET,1,70.0,160,1,0,0,1,1,0.5,0,0.5,6.0,0,0
dickeke01w,MIN,1,71.0,165,0,1,0,1,1,0.5,0,0.5,6.0,0,0
dixonta01w,LAS,1,69.0,148,1,0,0,1,1,0.5,0,0.5,6.0,0,0
dossaci01w,ORL,1,77.0,187,0,0,1,0,0,0.5,0,0.5,6.0,0,0
dydekma01w,UTA,1,9.0,223,0,0,1,0,0,0.5,0,0.5,6.0,0,0
edwarmi01w,CLE,1,69.0,150,1,0,0,1,1,0.5,0,0.5,6.0,0,0
edwarmi01w,SEA,1,69.0,150,1,0,0,1,1,0.5,0,0.5,6.0,0,0
edwarsi01w,SEA,1,76.0,164,0,0,1,1,1,0.5,0,0.5,6.0,0,0
edwarto01w,PHO,1,70.0,160,1,0,0,1,1,0.5,0,0.5,6.0,0,0
enissh01w,CHA,1,73.0,185,0,1,1,1,1,0.5,0,0.5,6.0,0,0
erbsu01w,CHA,1,78.0,240,0,0,1,1,1,0.5,0,0.5,6.0,0,0
farriba01w,DET,1,75.0,200,0,1,1,1,1,0.5,0,0.5,6.0,0,0
feastal01w,LAS,1,71.0,168,0,1,0,1,1,0.5,0,0.5,6.0,0,0
ferrama01w,NYL,1,75.0,190,0,1,0,0,0,0.5,0,0.5,6.0,0,0
figgsuk01w,LAS,1,69.0,142,1,0,0,1,1,0.5,0,0.5,6.0,0,0
firsool01w,NYL,1,78.0,215,0,0,1,1,1,0.5,0,0.5,6.0,0,0
floremi01w,MIA,1,66.0,125,1,0,0,1,1,0.5,0,0.5,6.0,0,0
folklkr01w,MIN,1,74.0,190,0,1,0,1,1,0.5,0,0.5,6.0,0,0
fordki01w,MIA,1,70.0,153,1,1,0,1,1,0.5,0,0.5,6.0,0,0
francde01w,NYL,1,70.0,193,0,1,0,1,1,0.5,0,0.5,6.0,0,0
fresest01w,UTA,1,68.0,126,1,0,0,1,1,0.5,0,0.5,6.0,0,0
frettla01w,LAS,1,75.0,170,0,1,0,1,1,0.5,0,0.5,6.0,0,0
gaithka01w,IND,1,75.0,170,0,0,1,1,1,0.5,0,0.5,6.0,0,0
gaithka01w,UTA,1,75.0,170,0,0,1,1,1,0.5,0,0.5,6.0,0,0
garnean01w,SEA,1,75.0,160,0,1,1,1,1,0.5,0,0.5,6.0,0,0
gaydeco01w,ORL,1,69.0,150,1,0,0,1,1,0.5,0,0.5,6.0,0,0
gibsoke01w,HOU,1,70.0,136,1,1,0,1,1,0.5,0,0.5,6.0,0,0
gilloje01w,PHO,1,75.0,180,0,1,1,1,1,0.5,0,0.5,6.0,0,0
gilmous01w,IND,1,71.0,158,1,0,0,1,1,0.5,0,0.5,6.0,0,0
goodsad01w,UTA,1,72.0,165,0,1,0,1,1,0.5,0,0.5,6.0,0,0
grginve01w,LAS,1,73.0,160,0,1,0,0,0,0.5,0,0.5,6.0,0,0
griffyo01w,SAC,1,75.0,188,0,1,1,1,1,0.5,0,0.5,6.0,0,0
groomla01w,SAC,1,70.0,160,1,1,0,1,1,0.5,0,0.5,6.0,0,0
grubigo01w,IND,1,71.0,165,1,0,0,0,0,0.5,0,0.5,6.0,0,0
hallvi01w,CLE,1,73.0,180,0,1,0,1,1,0.5,0,0.5,6.0,0,0
hammobe01w,NYL,1,66.0,136,1,0,0,1,1,0.5,0,0.5,6.0,0,0
hamzoro01w,ORL,1,69.0,152,1,0,0,0,0,0.5,0,0.5,6.0,0,0
harrido01w,IND,1,75.0,190,0,1,0,1,1,0.5,0,0.5,6.0,0,0
harrili01w,PHO,1,73.0,164,0,1,0,1,1,0.5,0,0.5,6.0,0,0
headde01w,PHO,1,70.0,160,1,0,0,1,1,0.5,0,0.5,6.0,0,0
henniso01w,SEA,1,67.0,143,1,0,0,1,1,0.5,0,0.5,6.0,0,0
herriam01w,UTA,1,76.0,189,0,0,1,1,1,0.5,0,0.5,6.0,0,0
hibbeka01w,SEA,1,70.0,140,1,1,0,1,1,0.5,0,0.5,6.0,0,0
hicksje01w,ORL,1,76.0,188,0,1,1,1,1,0.5,0,0.5,6.0,0,0
hillec01w,CHA,1,67.0,173,1,0,0,1,1,0.5,0,0.5,6.0,0,0
hledeko01w,UTA,1,69.0,150,1,0,0,1,1,0.5,0,0.5,6.0,0,0
holdsch01w,WAS,1,74.0,172,0,1,0,1,1,0.5,0,0.5,6.0,0,0
hollake01w,SAC,1,68.0,129,1,0,0,1,1,0.5,0,0.5,6.0,0,0
holmejo01w,DET,1,70.0,150,0,1,0,1,1,0.5,0,0.5,6.0,0,0
hopeky01w,UTA,1,74.0,165,0,0,1,1,1,0.5,0,0.5,6.0,0,0
ivanyda01w,UTA,1,70.0,135,1,0,0,1,1,0.5,0,0.5,6.0,0,0
jacksta01w,HOU,1,75.0,179,0,1,1,1,1,0.5,0,0.5,6.0,0,0
jacksta02w,DET,1,66.0,118,1,0,0,1,1,0.5,0,0.5,6.0,0,0
johnsad01w,ORL,1,70.0,154,1,0,0,1,1,0.5,0,0.5,6.0,0,0
johnsla01w,UTA,1,73.0,150,0,1,0,1,1,0.5,0,0.5,6.0,0,0
johnsni01w,CHA,1,69.0,146,1,0,0,1,1,0.5,0,0.5,6.0,0,0
johnspo01w,CLE,1,75.0,165,0,0,1,1,1,0.5,0,0.5,6.0,0,0
johnssh01w,ORL,1,67.0,152,1,0,0,1,1,0.5,0,0.5,6.0,0,0
johnsti01w,HOU,1,76.0,240,0,0,1,1,1,0.5,0,0.5,6.0,0,0
johnsvi01w,NYL,1,69.0,150,1,1,0,1,1,0.5,0,0.5,6.0,0,0
jonesja01w,MIA,1,69.0,158,1,0,0,1,1,0.5,0,0.5,6.0,0,0
jonesla01w,CHA,1,73.0,180,1,0,0,1,1,0.5,0,0.5,6.0,0,0
jonesme01w,CLE,1,69.0,147,1,0,0,1,1,0.5,0,0.5,6.0,0,0
kostita01w,MIA,1,73.0,163,0,1,0,1,1,0.5,0,0.5,6.0,0,0
kubikni01w,PHO,1,69.0,145,1,0,0,1,1,0.5,0,0.5,6.0,0,0
lacyve01w,NYL,1,76.0,234,0,0,1,1,1,0.5,0,0.5,6.0,0,0
lambmo01w,HOU,1,77.0,206,0,0,1,1,1,0.5,0,0.5,6.0,0,0
lennobe01w,MIN,1,68.0,143,1,0,0,1,1,0.5,0,0.5,6.0,0,1
leslili01w,LAS,1,77.0,170,0,0,1,1,1,0.5,0,0.5,6.0,0,0
lloydan01w,MIN,1,74.0,175,0,1,0,1,1,0.5,0,0.5,6.0,0,0
lovelst01w,SEA,1,76.0,170,0,1,0,1,1,0.5,0,0.5,6.0,0,0
mabikmw01w,LAS,1,71.0,165,1,1,0,0,0,0.5,0,0.5,6.0,0,0
machacl01w,LAS,1,77.0,180,0,1,1,1,1,0.5,0,0.5,6.0,0,0
mahonsh01w,NYL,1,76.0,178,0,1,0,1,1,0.5,0,0.5,6.0,0,0
mannish01w,MIA,1,75.0,186,0,1,1,1,1,0.5,0,0.5,6.0,0,0
mapprh01w,CHA,1,74.0,190,0,0,1,1,1,0.5,0,0.5,6.0,0,0
marcimi01w,POR,1,70.0,154,1,0,0,1,1,0.5,0,0.5,6.0,0,0
martima01w,MIN,1,76.0,172,0,1,0,1,1,0.5,0,0.5,6.0,0,0
maxwemo01w,IND,1,69.0,162,0,1,0,1,1,0.5,0,0.5,6.0,0,0
mccaiti01w,ORL,1,70.0,167,1,1,0,1,1,0.5,0,0.5,6.0,0,0
mccarst01w,IND,1,69.0,155,1,1,0,1,1,0.5,0,0.5,6.0,0,0
mcconsu01w,CLE,1,65.0,125,1,0,0,1,1,0.5,0,0.5,6.0,0,0
mccrani01w,WAS,1,71.0,158,1,0,0,1,1,0.5,0,0.5,6.0,0,0
mccrini01w,LAS,1,68.0,125,1,0,0,1,1,0.5,0,0.5,6.0,0,0
mcculda01w,IND,1,75.0,180,0,1,1,1,1,0.5,0,0.5,6.0,0,0
mcgheca01w,ORL,1,73.0,179,0,1,1,1,1,0.5,0,0.5,6.0,0,0
mcwilta01w,ORL,1,74.0,188,0,1,1,1,1,0.5,0,0.5,6.0,0,0
melvich01w,CLE,1,75.0,185,0,1,1,1,1,0.5,0,0.5,6.0,0,0
millsta01w,WAS,1,75.0,232,0,0,1,1,1,0.5,0,0.5,6.0,0,0
miltode01w,LAS,1,73.0,185,0,1,0,1,1,0.5,0,0.5,6.0,0,0
mulitna01w,UTA,1,75.0,207,0,0,1,1,1,0.5,0,0.5,6.0,0,0
nagyan01w,WAS,1,67.0,147,1,0,0,1,1,0.5,0,0.5,6.0,0,0
ndiayas01w,DET,1,75.0,182,0,1,1,1,1,0.5,0,0.5,6.0,0,0
nemcoev01w,CLE,1,74.0,178,0,1,0,0,0,0.5,0,0.5,6.0,0,0
nevescl01w,DET,1,68.0,136,1,0,0,0,0,0.5,0,0.5,6.0,0,0
nygaava01w,POR,1,73.0,166,0,1,0,1,1,0.5,0,0.5,6.0,0,0
owenhe01w,WAS,1,77.0,212,0,1,0,1,1,0.5,0,0.5,6.0,0,0
owenssh01w,MIA,1,74.0,175,0,0,1,1,1,0.5,0,0.5,6.0,0,0
pagemu01w,WAS,1,74.0,160,0,1,0,1,1,0.5,0,0.5,6.0,0,0
palmewe01w,DET,1,74.0,165,0,1,0,1,1,0.5,0,0.5,6.0,0,0
payeka01w,MIN,1,68.0,150,1,0,0,1,1,0.5,0,0.5,6.0,0,0
penicti01w,SAC,1,71.0,145,1,0,0,1,1,0.5,0,0.5,6.0,0,0
pettibr01w,PHO,1,69.0,150,1,0,0,1,1,0.5,0,0.5,6.0,0,0
phillta01w,NYL,1,74.0,200,0,1,1,1,1,0.5,0,0.5,6.0,0,0
potthan01w,MIN,1,73.0,191,0,1,0,1,1,0.5,0,0.5,6.0,0,0
powelel01w,ORL,1,68.0,150,1,0,0,1,1,0.5,0,0.5,6.0,0,0
pridely01w,POR,1,74.0,180,1,1,0,1,1,0.5,0,0.5,6.0,0,0
quinnte01w,IND,1,76.0,165,0,1,0,1,1,0.5,0,0.5,6.0,0,0
rasmukr01w,MIA,1,76.0,174,0,1,0,1,1,0.5,0,0.5,6.0,0,0
rasmukr01w,UTA,1,76.0,174,0,1,0,1,1,0.5,0,0.5,6.0,0,0
reddja01w,SEA,1,73.0,164,0,1,0,1,1,0.5,0,0.5,6.0,0,0
reedbr01w,PHO,1,73.0,168,0,1,0,1,1,0.5,0,0.5,6.0,0,0
reidtr01w,CHA,1,71.0,150,0,1,0,1,1,0.5,0,0.5,6.0,0,0
rizzoje01w,HOU,1,66.0,146,1,0,0,1,1,0.5,0,0.5,6.0,0,0
robincr01w,NYL,1,71.0,155,1,1,0,1,1,0.5,0,0.5,6.0,0,0
robinre01w,WAS,1,71.0,166,1,0,0,1,1,0.5,0,0.5,6.0,0,0
rolanja01w,ORL,1,73.0,167,1,1,0,1,1,0.5,0,0.5,6.0,0,0
salesny01w,ORL,1,72.0,184,1,1,0,1,1,0.5,0,0.5,6.0,0,0
sampsch01w,SEA,1,71.0,175,1,0,0,1,1,0.5,0,0.5,6.0,0,0
samsh01w,MIA,1,72.0,160,1,1,0,1,1,0.5,0,0.5,6.0,0,0
santoal01w,IND,1,77.0,181,0,0,1,0,0,0.5,0,0.5,6.0,0,0
sarenra01w,PHO,1,78.0,222,0,0,1,0,0,0.5,0,0.5,6.0,0,0
sauerpa01w,LAS,1,76.0,203,0,0,1,1,1,0.5,0,0.5,6.0,0,0
scottol01w,DET,1,74.0,175,0,0,1,1,1,0.5,0,0.5,6.0,0,0
shakiel01w,HOU,1,75.0,190,0,1,1,0,0,0.5,0,0.5,6.0,0,0
slaisma01w,DET,1,68.0,173,1,0,0,1,1,0.5,0,0.5,6.0,0,0
smithch02w,CHA,1,70.0,145,0,1,0,1,1,0.5,0,0.5,6.0,0,0
smithch03w,SEA,1,72.0,148,1,0,0,1,1,0.5,0,0.5,6.0,0,0
smithka01w,MIN,1,71.0,174,1,1,0,1,1,0.5,0,0.5,6.0,0,0
smithla01w,ORL,1,67.0,150,1,0,0,1,1,0.5,0,0.5,6.0,0,0
smithta01w,SAC,1,76.0,160,0,1,1,1,1,0.5,0,0.5,6.0,0,0
staleda01w,CHA,1,66.0,134,1,0,0,1,1,0.5,0,0.5,6.0,0,0
starbka01w,UTA,1,73.0,153,1,0,0,1,1,0.5,0,0.5,6.0,0,0
stedika01w,SAC,1,72.0,173,1,1,0,1,1,0.5,0,0.5,6.0,0,0
stepama01w,PHO,1,80.0,187,0,0,1,0,0,0.5,0,0.5,6.0,0,0
stinsan01w,CHA,1,70.0,158,1,0,0,1,1,0.5,0,0.5,6.0,0,0
stiresh01w,MIN,1,71.0,208,0,1,0,1,1,0.5,0,0.5,6.0,0,0
streiju01w,IND,1,74.0,165,0,1,0,0,0,0.5,0,0.5,6.0,0,0
swoopsh01w,HOU,1,72.0,145,1,1,0,1,1,0.5,0,0.5,6.0,0,0
tateso01w,MIN,1,66.0,157,1,0,0,1,1,0.5,0,0.5,6.0,0,0
thomast01w,POR,1,70.0,154,0,1,0,1,1,0.5,0,0.5,6.0,0,0
thompal01w,IND,1,73.0,180,0,1,0,1,1,0.5,0,0.5,6.0,0,0
thompti01w,HOU,1,74.0,178,0,1,0,1,1,0.5,0,0.5,6.0,0,0
threaro01w,SEA,1,67.0,150,1,0,0,1,1,0.5,0,0.5,6.0,0,0
timmsmi01w,PHO,1,67.0,132,1,0,0,0,0,0.5,0,0.5,6.0,0,0
torniel01w,DET,1,73.0,160,0,1,0,0,0,0.5,0,0.5,6.0,0,0
traviti01w,CHA,1,71.0,145,1,1,0,1,1,0.5,0,0.5,6.0,0,0
tremich01w,IND,1,66.0,142,1,0,0,1,1,0.5,0,0.5,6.0,0,0
valdeam01w,HOU,1,73.0,160,0,1,0,0,0,0.5,0,0.5,6.0,0,0
vangomi01w,POR,1,78.0,187,0,0,1,1,1,0.5,0,0.5,6.0,0,0
vodicka01w,SEA,1,76.0,190,0,1,1,0,0,0.5,0,0.5,6.0,0,0
walkede01w,POR,1,75.0,168,0,1,0,1,1,0.5,0,0.5,6.0,0,0
washico01w,HOU,1,66.0,138,1,0,0,1,1,0.5,0,0.5,6.0,0,0
washito01w,WAS,1,71.0,160,0,1,0,1,1,0.5,0,0.5,6.0,0,0
wautean01w,CLE,1,76.0,193,0,0,1,0,0,0.5,0,0.5,6.0,0,0
weathte01w,NYL,1,68.0,161,1,0,0,1,1,0.5,0,0.5,6.0,0,0
webbum01w,MIA,1,70.0,162,1,1,0,1,1,0.5,0,0.5,6.0,0,0
whitmta01w,NYL,1,74.0,190,0,1,0,1,1,0.5,0,0.5,6.0,0,0
wickssu01w,NYL,1,75.0,191,0,1,0,1,1,0.5,0,0.5,6.0,0,0
widemja01w,POR,1,66.0,135,1,0,0,1,1,0.5,0,0.5,6.0,0,0
williad01w,PHO,1,77.0,170,0,1,1,1,1,0.5,0,0.5,6.0,0,0
willibe01w,IND,1,69.0,145,1,0,0,1,1,0.5,0,0.5,6.0,0,0
willina01w,UTA,1,74.0,210,0,1,1,1,1,0.5,0,0.5,6.0,0,0
williri01w,IND,1,66.0,135,1,0,0,1,1,0.5,0,0.5,6.0,0,0
willita01w,POR,1,71.0,170,1,0,0,1,1,0.5,0,0.5,6.0,0,0
wilsoam01w,PHO,1,71.0,176,0,1,0,1,1,0.5,0,0.5,6.0,0,0
witheso01w,POR,1,70.0,145,1,0,0,1,1,0.5,0,0.5,6.0,0,0
wolteka01w,IND,1,79.0,227,0,0,1,1,1,0.5,0,0.5,6.0,0,0
zakalok01w,DET,1,78.0,174,0,0,1,0,0,0.5,0,0.5,6.0,0,0
abrossv01w,MIN,2,74.0,169,0,1,0,1,1,0.4687353520202494,0,0.46875,6.0,1,0
alhalta01w,ORL,2,72.0,149,1,1,0,1,1,0.499984375488266,1,0.5,3.0,1,0
amachma01w,NYL,2,73.0,175,0,1,0,0,0,0.6249804693603326,4,0.625,1.0,1,0
baranel01w,MIA,2,77.0,182,0,1,0,1,1,0.4062373050842161,0,0.40625,6.0,1,0
barksla01w,POR,2,70.0,156,1,0,0,1,1,0.3124902346801663,0,0.3125,7.0,1,0
boydca01w,DET,2,73.0,172,0,1,0,0,0,0.5,0,0.4375,4.5,1,0
bristre01w,CHA,2,70.0,139,1,0,0,1,1,0.2812412112121496,0,0.25,8.0,1,0
brondsa01w,MIA,2,67.0,136,1,0,0,1,1,0.4062373050842161,0,0.40625,6.0,1,0
burgean01w,WAS,2,67.0,141,1,0,0,0,0,0.5,0,0.4375,4.5,1,0
burseja01w,MIN,2,77.0,199,0,0,1,1,1,0.4687353520202494,0,0.46875,6.0,1,0
consuca01w,UTA,2,68.0,144,1,0,0,1,1,0.5,0,0.5625,5.0,1,0
coopeca01w,NYL,2,76.0,176,0,0,1,1,1,0.6249804693603326,4,0.625,1.0,1,0
douglka01w,ORL,2,72.0,167,1,1,0,1,1,0.499984375488266,1,0.5,3.0,1,0
fallotr01w,PHO,2,75.0,165,1,1,0,0,0,0.5,0,0.625,4.0,1,0
ferdima01w,UTA,2,69.0,153,1,0,0,1,1,0.5,0,0.5625,5.0,1,0
fordst01w,NYL,2,74.0,185,0,1,0,1,1,0.6249804693603326,4,0.625,1.0,1,0
harrokr01w,MIN,2,64.0,139,1,0,0,0,0,0.4687353520202494,0,0.46875,6.0,1,0
hendene01w,HOU,2,68.0,144,1,0,0,1,1,0.843723633636449,6,0.84375,2.0,1,0
iveyni01w,IND,2,67.0,149,1,0,0,1,1,0.5,0,0.28125,7.0,1,0
jacksla01w,SEA,2,77.0,187,0,1,1,0,0,0.18749414080809976,0,0.1875,8.0,1,0
johnsja01w,ORL,2,72.0,201,0,1,0,1,1,0.499984375488266,1,0.5,3.0,1,0
kingija01w,DET,2,68.0,150,1,0,0,0,0,0.5,0,0.4375,4.5,1,0
korstil01w,PHO,2,70.0,160,1,0,0,0,0,0.5,0,0.625,4.0,1,0
lassiam01w,HOU,2,73.0,160,0,1,0,1,1,0.843723633636449,6,0.84375,2.0,1,0
lazicka01w,NYL,2,70.0,147,0,1,1,0,0,0.6249804693603326,4,0.625,1.0,1,0
levanni01w,LAS,2,68.0,163,1,0,0,1,1,0.8749726571044656,2,0.875,1.0,1,0
lewisty01w,HOU,2,70.0,152,1,0,0,1,1,0.843723633636449,6,0.84375,2.0,1,0
lobore01w,NYL,2,76.0,190,0,1,0,1,1,0.6249804693603326,4,0.625,1.0,1,0
luckepa01w,PHO,2,73.0,165,0,1,0,1,1,0.5,0,0.625,4.0,1,0
luzhe01w,WAS,2,68.0,144,1,0,0,0,0,0.5,0,0.4375,4.5,1,0
malcona01w,IND,2,73.0,170,0,1,0,1,1,0.5,0,0.28125,7.0,1,0
milleco01w,WAS,2,69.0,140,1,0,0,1,1,0.5,0,0.4375,4.5,1,0
milleke01w,CHA,2,70.0,140,1,0,0,1,1,0.2812412112121496,0,0.25,8.0,1,0
moisead01w,PHO,2,66.0,140,1,0,0,0,0,0.5,0,0.625,4.0,1,0
moweje01w,POR,2,77.0,236,0,0,1,1,1,0.3124902346801663,0,0.3125,7.0,1,0
nolande01w,DET,2,69.0,147,1,1,0,1,1,0.5,0,0.4375,4.5,1,0
pavlimi01w,UTA,2,75.0,175,0,1,1,1,1,0.5,0,0.5625,5.0,1,0
radunha01w,NYL,2,75.0,187,0,0,1,0,0,0.6249804693603326,4,0.625,1.0,1,0
randase01w,SEA,2,69.0,164,1,0,0,1,1,0.18749414080809976,0,0.1875,8.0,1,0
rileyru01w,MIA,2,77.0,198,0,0,1,1,1,0.4062373050842161,0,0.40625,6.0,1,0
santoke01w,DET,2,75.0,188,0,1,0,0,0,0.5,0,0.4375,4.5,1,0
saundja01w,PHO,2,71.0,145,0,1,0,1,1,0.5,0,0.625,4.0,1,0
saureau01w,WAS,2,70.0,163,1,0,0,0,0,0.5,0,0.4375,4.5,1,0
schumke01w,IND,2,77.0,183,0,0,1,1,1,0.5,0,0.28125,7.0,1,0
schwege01w,MIN,2,72.0,160,1,1,0,1,1,0.4687353520202494,0,0.46875,6.0,1,0
spornra01w,DET,2,74.0,150,0,1,0,0,0,0.5,0,0.4375,4.5,1,0
stafftr01w,HOU,2,73.0,180,0,1,0,1,1,0.843723633636449,6,0.84375,2.0,1,0
stileja01w,POR,2,68.0,144,1,0,0,1,1,0.3124902346801663,0,0.3125,7.0,1,1
stockta01w,WAS,2,74.0,165,0,1,1,1,1,0.5,0,0.4375,4.5,1,0
suttota01w,CHA,2,76.0,199,0,0,1,1,1,0.2812412112121496,0,0.25,8.0,1,0
taylope01w,CLE,2,73.0,168,0,1,0,0,0,0.5312333989562826,3,0.53125,2.0,1,0
torrele01w,MIA,2,75.0,171,0,0,1,1,1,0.4062373050842161,0,0.40625,6.0,1,0
tuvicsl01w,PHO,2,76.0,194,0,0,1,0,0,0.5,0,0.625,4.0,1,0
vealkr01w,PHO,2,70.0,150,1,0,0,0,0,0.5,0,0.625,4.0,1,0
walsema01w,SAC,2,74.0,184,0,1,0,1,1,0.6562294928283492,0,0.65625,3.0,1,0
whitiva01w,MIN,2,74.0,199,0,1,1,1,1,0.4687353520202494,0,0.46875,6.0,1,0
whittje01w,WAS,2,77.0,176,0,0,1,0,0,0.5,0,0.4375,4.5,1,0
williwe01w,LAS,2,67.0,141,1,0,0,1,1,0.8749726571044656,2,0.875,1.0,1,0
wolvean01w,CLE,2,75.0,205,0,1,1,1,1,0.5312333989562826,3,0.53125,2.0,1,0
wyckobr01w,ORL,2,73.0,183,0,1,0,1,1,0.499984375488266,1,0.5,3.0,1,0
wynneda01w,SAC,2,74.0,175,0,1,0,1,1,0.6562294928283492,0,0.65625,3.0,1,0
youngca01w,POR,2,69.0,175,1,0,0,1,1,0.3124902346801663,0,0.3125,7.0,1,0
aguilel01w,UTA,3,67.0,165,1,0,0,1,1,0.7368033261407294,0,0.59375,3.5,1,0
ambermo01w,SAC,3,76.0,169,0,1,0,1,1,0.6999650017499125,3,0.625,2.0,1,0
berthlu01w,CLE,3,74.0,188,0,1,1,1,1,0.6093654786643958,4,0.6875,1.0,1,0
birdsu01w,SEA,3,69.0,150,1,0,0,1,1,0.2499960938110342,0,0.3125,8.0,1,0
bonfisu01w,PHO,3,68.0,145,1,0,0,0,0,0.4062373050842161,0,0.40625,5.0,1,0
brownki01w,WAS,3,70.0,134,1,0,0,1,1,0.5,0,0.3125,7.0,1,0
cashsw01w,DET,3,73.0,162,0,1,0,1,1,0.5,0,0.3125,7.0,1,0
castriz01w,MIA,3,72.0,140,1,1,0,0,0,0.515616943485258,1,0.625,3.0,1,0
catchta01w,IND,3,73.0,167,0,1,0,1,1,0.3124902346801663,0,0.3125,7.0,1,1
caufila01w,UTA,3,69.0,159,1,0,0,1,1,0.7368033261407294,0,0.59375,3.5,1,0
chapmji01w,DET,3,75.0,206,0,0,1,1,1,0.5,0,0.3125,7.0,1,0
chriska01w,PHO,3,74.0,171,0,1,0,1,1,0.4062373050842161,0,0.40625,5.0,1,0
crockda01w,UTA,3,73.0,158,0,1,0,1,1,0.7368033261407294,0,0.59375,3.5,1,0
cunnida01w,ORL,3,72.0,187,0,1,0,1,1,0.5,0,0.40625,5.0,1,0
dalesst01w,WAS,3,72.0,155,1,1,0,1,1,0.5,0,0.3125,7.0,1,0
desouer01w,LAS,3,77.0,190,0,1,1,0,0,0.8749863283386197,8,0.875,1.0,1,0
frohlli01w,NYL,3,75.0,185,0,1,1,0,0,0.6406149903907751,7,0.65625,2.0,1,0
garcibe01w,DET,3,65.0,135,1,0,0,0,0,0.5,0,0.3125,7.0,1,0
gardnan01w,UTA,3,75.0,190,0,1,1,1,1,0.7368033261407294,0,0.59375,3.5,1,0
gortmsh01w,MIN,3,70.0,158,1,0,0,1,1,0.4218684083061202,0,0.375,6.0,1,0
hallam01w,POR,3,75.0,180,0,1,0,1,1,0.3281198731269824,0,0.34375,7.0,1,0
hendetr01w,CLE,3,75.0,200,0,0,1,1,1,0.6093654786643958,4,0.6875,1.0,1,0
jacksde01w,CLE,3,74.0,155,0,1,0,1,1,0.6093654786643958,4,0.6875,1.0,1,0
jonesas01w,WAS,3,74.0,196,0,1,0,1,1,0.5,0,0.3125,7.0,1,0
klimezu01w,IND,3,74.0,181,0,1,0,1,1,0.3124902346801663,0,0.3125,7.0,1,0
lambesh01w,CHA,3,67.0,125,1,0,0,1,1,0.4218684083061202,4,0.5625,4.0,1,0
lewista01w,SEA,3,74.0,212,0,1,1,2,1,0.2499960938110342,0,0.3125,8.0,1,0
maigaha01w,SAC,3,73.0,160,1,1,0,1,1,0.6999650017499125,3,0.625,2.0,1,0
mccaibr01w,CLE,3,63.0,135,1,0,0,1,1,0.6093654786643958,4,0.6875,1.0,1,0
mooreja01w,IND,3,73.0,207,0,0,1,1,1,0.3124902346801663,0,0.3125,7.0,1,0
mooreta01w,MIA,3,71.0,167,1,1,0,1,1,0.515616943485258,1,0.625,3.0,1,0
mooreta01w,MIN,3,71.0,167,1,1,0,1,1,0.4218684083061202,0,0.375,6.0,1,0
moosca01w,MIA,3,78.0,182,0,1,1,1,1,0.515616943485258,1,0.625,3.0,1,0
ngoyibe01w,NYL,3,76.0,195,0,0,1,0,0,0.6406149903907751,7,0.65625,2.0,1,0
raglafe01w,SEA,3,67.0,133,1,0,0,1,1,0.2499960938110342,0,0.3125,8.0,1,0
snowmi01w,HOU,3,77.0,158,0,0,1,1,1,0.7187387697067232,6,0.59375,3.5,1,0
teaslni01w,LAS,3,72.0,169,1,0,0,1,1,0.8749863283386197,8,0.875,1.0,1,0
walkeay01w,DET,3,75.0,142,0,1,0,2,1,0.5,0,0.3125,7.0,1,0
willile02w,DET,3,71.0,155,1,1,0,1,1,0.5,0,0.3125,7.0,1,0
yamasli01w,MIA,3,73.0,190,1,0,0,1,1,0.515616943485258,1,0.625,3.0,1,0
adamsjo01w,MIN,4,75.0,180,0,0,1,1,1,0.5,0,0.3125,8.0,1,0
anderch01w,SAC,4,78.0,190,0,0,1,1,1,0.538451183631084,3,0.4375,6.0,1,0
azizle01w,IND,4,75.0,177,0,1,0,1,1,0.40624365244293054,1,0.5,4.5,1,0
blueoc01w,HOU,4,73.0,163,0,1,0,1,1,0.7291590712596744,7,0.75,2.0,1,0
brownco01w,IND,4,69.0,150,1,0,0,1,1,0.40624365244293054,1,0.5,4.5,1,0
colemco01w,CON,4,72.0,170,0,1,0,1,1,0.5,0,0.5,6.0,0,0
curryed01w,PHO,4,64.0,138,1,0,0,1,1,0.5,0,0.34375,7.0,1,0
dillata01w,SAS,4,69.0,154,1,0,0,1,1,0.5,0,0.5,6.0,0,0
donapbe01w,NYL,4,74.0,195,0,1,1,1,1,0.6145769314902969,11,0.5625,1.5,1,0
edwarte01w,MIN,4,71.0,155,1,1,0,1,1,0.5,0,0.3125,8.0,1,0
fordch01w,DET,4,75.0,198,0,1,0,2,1,0.40907231489477747,0,0.28125,8.0,1,1
jacksgw01w,SAS,4,75.0,182,0,1,0,2,1,0.5,0,0.5,6.0,0,0
johnsch01w,LAS,4,75.0,185,0,0,1,1,1,0.8437412110290518,14,0.78125,1.0,1,0
lawsoka01w,SAC,4,69.0,165,1,0,0,2,1,0.538451183631084,3,0.4375,6.0,1,0
malloso01w,PHO,4,77.0,210,0,0,1,1,1,0.5,0,0.34375,7.0,1,0
mckivte01w,CHA,4,75.0,220,0,1,1,1,1,0.5,0,0.5625,1.5,1,0
pennjo01w,WAS,4,72.0,160,0,1,0,1,1,0.5312333989562826,3,0.53125,3.0,1,0
pierspl01w,PHO,4,74.0,181,0,1,1,1,1,0.5,0,0.34375,7.0,1,0
sanfona01w,WAS,4,76.0,200,0,1,1,1,1,0.5312333989562826,3,0.53125,3.0,1,0
sharpkb01w,NYL,4,69.0,145,1,0,0,1,1,0.6145769314902969,11,0.5625,1.5,1,0
slavtge01w,PHO,4,73.0,160,1,0,0,1,1,0.5,0,0.34375,7.0,1,0
smithai01w,WAS,4,74.0,173,0,1,0,1,1,0.5312333989562826,3,0.53125,3.0,1,0
sun-mju01w,SEA,4,73.0,168,0,0,1,0,0,0.4687451172383621,4,0.53125,4.0,1,0
thomala01w,CLE,4,74.0,165,0,1,0,1,1,0.5104113498817721,4,0.3125,7.0,1,0
thorner01w,NYL,4,70.0,150,1,0,0,1,1,0.6145769314902969,11,0.5625,1.5,1,0
udokamf01w,HOU,4,72.0,187,0,1,0,1,1,0.7291590712596744,7,0.75,2.0,1,0
ujhelpe01w,DET,4,76.0,200,0,1,1,1,1,0.40907231489477747,0,0.28125,8.0,1,0
umoh-it01w,HOU,4,67.0,140,1,0,0,1,1,0.7291590712596744,7,0.75,2.0,1,0
willish01w,LAS,4,66.0,135,1,0,0,1,1,0.8437412110290518,14,0.78125,1.0,1,0
yilmane01w,PHO,4,76.0,193,0,1,1,0,0,0.5,0,0.34375,7.0,1,0
zirkozu01w,WAS,4,69.0,145,1,0,0,0,0,0.5312333989562826,3,0.53125,3.0,1,0
beardal01w,WAS,5,71.0,160,1,1,0,1,1,0.5,0,0.2647058823529412,7.0,1,0
bibrzag01w,SAS,5,74.0,168,1,1,0,0,0,0.499984375488266,0,0.35294117647058826,6.0,1,0
bjorkte01w,CHA,5,76.0,175,0,0,1,1,1,0.5293961942295815,0,0.5294117647058824,2.5,1,0
brungje01w,CON,5,73.0,165,0,1,0,1,1,0.5293961942295815,2,0.5294117647058824,2.5,1,0
brunsre01w,SAC,5,75.0,175,0,1,0,1,1,0.7499531279295043,3,0.5588235294117647,3.0,1,0
buttsta01w,MIN,5,71.0,160,1,0,0,2,1,0.5293961942295815,1,0.5294117647058824,4.5,1,0
carteam01w,DET,5,74.0,185,0,1,0,1,1,0.6071320154997233,6,0.7352941176470589,1.0,1,0
choneka01w,WAS,5,75.0,180,0,0,1,1,1,0.5,0,0.2647058823529412,7.0,1,0
chrissh01w,NYL,5,73.0,170,0,1,0,1,1,0.5769186390873916,11,0.47058823529411764,5.5,1,0
cokermo01w,LAS,5,73.0,180,0,1,0,1,1,0.8076860947223483,19,0.7058823529411765,1.0,1,0
derevje01w,CON,5,70.0,140,1,0,0,1,1,0.5293961942295815,2,0.5294117647058824,2.5,1,0
friertr01w,SEA,5,74.0,186,0,1,0,3,1,0.48461165683340895,4,0.5294117647058824,4.5,1,0
futreca01w,CON,5,70.0,154,1,0,0,1,1,0.5293961942295815,2,0.5294117647058824,2.5,1,0
grecomi01w,SEA,5,69.0,145,1,0,0,1,1,0.48461165683340895,4,0.5294117647058824,4.5,1,0
haydeva01w,MIN,5,76.0,240,0,0,1,1,1,0.5293961942295815,1,0.5294117647058824,4.5,1,0
hodgedo01w,LAS,5,69.0,160,1,0,0,1,1,0.8076860947223483,19,0.7058823529411765,1.0,1,0
hoffmeb01w,IND,5,74.0,215,0,1,0,1,1,0.5,0,0.47058823529411764,5.5,1,0
jacobam01w,MIN,5,68.0,152,1,0,0,1,1,0.5293961942295815,1,0.5294117647058824,4.5,1,0
jonesch01w,DET,5,69.0,150,1,1,0,1,1,0.6071320154997233,6,0.7352941176470589,1.0,1,0
macchla01w,LAS,5,73.0,169,0,1,0,0,0,0.8076860947223483,19,0.7058823529411765,1.0,1,0
mascira01w,LAS,5,72.0,169,0,1,0,0,0,0.8076860947223483,19,0.7058823529411765,1.0,1,0
mazzake01w,CHA,5,72.0,155,1,0,0,1,1,0.5293961942295815,0,0.5294117647058824,2.5,1,0
mendigi01w,SAC,5,71.0,174,1,0,0,1,1,0.7499531279295043,3,0.5588235294117647,3.0,1,0
ohldeni01w,MIN,5,77.0,190,0,1,1,1,1,0.5293961942295815,1,0.5294117647058824,4.5,1,0
perkiji01w,CHA,5,68.0,155,1,0,0,1,1,0.5293961942295815,0,0.5294117647058824,2.5,1,0
powelni01w,CHA,5,74.0,175,0,1,0,1,1,0.5293961942295815,0,0.5294117647058824,2.5,1,0
robinas01w,PHO,5,76.0,180,0,0,1,2,1,0.5,0,0.23529411764705882,7.0,1,0
sanchis01w,DET,5,70.0,152,1,0,0,0,0,0.6071320154997233,6,0.7352941176470589,1.0,1,0
slauggw01w,MIN,5,75.0,181,0,1,0,1,1,0.5293961942295815,1,0.5294117647058824,4.5,1,0
stephst01w,DET,5,76.0,205,0,0,1,1,1,0.6071320154997233,6,0.7352941176470589,1.0,1,0
stevema01w,SAS,5,75.0,166,0,1,1,1,1,0.499984375488266,0,0.35294117647058826,6.0,1,0
tauradi01w,PHO,5,72.0,172,1,1,0,1,1,0.5,0,0.23529411764705882,7.0,1,1
tayloli01w,PHO,5,80.0,200,0,0,1,1,1,0.5,0,0.23529411764705882,7.0,1,0
thomach01w,LAS,5,75.0,185,0,0,1,1,1,0.8076860947223483,19,0.7058823529411765,1.0,1,0
tilliic01w,DET,5,77.0,165,0,1,1,1,1,0.6071320154997233,6,0.7352941176470589,1.0,1,0
whaleli01w,CON,5,68.0,150,1,0,0,1,1,0.5293961942295815,2,0.5294117647058824,2.5,1,0
whitede01w,NYL,5,71.0,180,0,1,0,1,1,0.5769186390873916,11,0.47058823529411764,5.5,1,0
willile01w,CON,5,72.0,200,0,1,0,1,1,0.5293961942295815,2,0.5294117647058824,2.5,1,0
willito01w,SAS,5,68.0,138,1,0,0,1,1,0.499984375488266,0,0.35294117647058826,6.0,1,0
wrighsh01w,PHO,5,70.0,155,0,1,0,1,1,0.5,0,0.23529411764705882,7.0,1,0
batkosu01w,SEA,6,76.0,203,0,0,1,0,0,0.5060944750336888,10,0.5882352941176471,2.0,1,0
batteja01w,MIN,6,73.0,163,0,1,0,1,1,0.5294039793532448,1,0.5294117647058824,3.5,1,0
battlas01w,SEA,6,72.0,170,0,1,0,2,1,0.5060944750336888,10,0.5882352941176471,2.0,1,0
bennije01w,IND,6,75.0,185,0,1,0,1,1,0.4411634951913179,0,0.4411764705882353,6.0,1,0
braxtka01w,DET,6,78.0,210,0,1,1,1,1,0.5666603704403285,7,0.5,3.5,1,0
careyja01w,CON,6,66.0,135,1,0,0,1,1,0.5294039793532448,7,0.5294117647058824,1.5,1,0
elysh01w,SAS,6,74.0,182,0,1,0,2,1,0.5076884023969046,5,0.2647058823529412,7.0,1,0
feifesu01w,SAC,6,73.0,162,1,0,0,0,0,0.5999880002399952,6,0.5294117647058824,3.5,1,0
haynikr01w,SAC,6,69.0,147,1,0,0,1,1,0.5999880002399952,6,0.5294117647058824,3.5,1,0
hodgero01w,HOU,6,71.0,165,1,0,0,1,1,0.628044950945421,8,0.38235294117647056,6.0,1,0
irvinsa01w,PHO,6,75.0,185,0,1,0,1,1,0.49998529455016033,0,0.5,5.0,1,0
johnste01w,WAS,6,63.0,132,1,0,0,1,1,0.5616399887672002,11,0.5,3.5,1,1
kingbsu01w,MIN,6,67.0,135,1,0,0,1,1,0.5294039793532448,1,0.5294117647058824,3.5,1,0
koehnla01w,WAS,6,68.0,145,1,0,0,1,1,0.5616399887672002,11,0.5,3.5,1,0
kraayca01w,NYL,6,76.0,180,0,1,0,1,1,0.6110771623798678,2,0.5294117647058824,1.5,1,0
lawsoed01w,HOU,6,66.0,130,1,0,0,0,0,0.628044950945421,8,0.38235294117647056,6.0,1,0
lawsoed01w,NYL,6,66.0,130,1,0,0,0,0,0.6110771623798678,2,0.5294117647058824,1.5,1,0
lyttlsa01w,HOU,6,76.0,175,0,1,0,1,1,0.628044950945421,8,0.38235294117647056,6.0,1,0
mannkr01w,MIN,6,73.0,185,0,1,0,1,1,0.5294039793532448,1,0.5294117647058824,3.5,1,0
martinu01w,MIN,6,69.0,167,1,0,0,0,0,0.5294039793532448,1,0.5294117647058824,3.5,1,0
matteca01w,CHA,6,69.0,167,1,0,0,1,1,0.5,0,0.47058823529411764,5.0,1,0
mccarja01w,CHA,6,74.0,205,0,0,1,1,1,0.5,0,0.47058823529411764,5.0,1,0
miaomi01w,SAC,6,71.0,153,1,0,0,0,0,0.5999880002399952,6,0.5294117647058824,3.5,1,0
mooreje01w,CHA,6,75.0,175,0,1,1,2,1,0.5,0,0.47058823529411764,5.0,1,0
mooreje01w,LAS,6,75.0,175,0,1,1,2,1,0.5,0,0.7352941176470589,1.0,1,0
moorelo01w,NYL,6,69.0,165,1,0,0,2,1,0.6110771623798678,2,0.5294117647058824,1.5,1,0
newtoch01w,SAC,6,71.0,154,1,0,0,1,1,0.5999880002399952,6,0.5294117647058824,3.5,1,0
nieuwma01w,LAS,6,77.0,180,0,0,1,1,1,0.5,0,0.7352941176470589,1.0,1,0
paigeyo01w,IND,6,66.0,147,1,0,0,1,1,0.4411634951913179,0,0.4411764705882353,6.0,1,0
smithje01w,NYL,6,75.0,198,0,0,1,1,1,0.6110771623798678,2,0.5294117647058824,1.5,1,0
snellbe01w,PHO,6,69.0,170,1,0,0,1,1,0.49998529455016033,0,0.5,5.0,1,0
summela01w,CON,6,74.0,167,0,0,1,0,0,0.5294039793532448,7,0.5294117647058824,1.5,1,0
vodopna01w,SEA,6,75.0,181,0,1,0,0,0,0.5060944750336888,10,0.5882352941176471,2.0,1,0
weckeke01w,SAS,6,73.0,172,0,1,0,1,1,0.5076884023969046,5,0.2647058823529412,7.0,1,0
whiteta01w,IND,6,67.0,154,1,0,0,1,1,0.4411634951913179,0,0.4411764705882353,6.0,1,0
willian01w,PHO,6,72.0,149,1,0,0,1,1,0.49998529455016033,0,0.5,5.0,1,0
wrighta01w,SEA,6,71.0,165,1,0,0,1,1,0.5060944750336888,10,0.5882352941176471,2.0,1,0
zarafr01w,SEA,6,70.0,146,1,0,0,0,0,0.5060944750336888,10,0.5882352941176471,2.0,1,0
anderam01w,CON,7,72.0,167,0,1,0,1,1,0.6078371780668816,12,0.7647058823529411,1.0,1,0
anderam01w,NYL,7,72.0,167,0,1,0,1,1,0.5576815830464799,2,0.5294117647058824,3.0,1,0
atkinla01w,IND,7,72.0,172,1,1,0,1,1,0.5294039793532448,2,0.6176470588235294,2.0,1,0
augusse01w,MIN,7,72.0,179,0,1,0,2,1,0.5,0,0.4117647058823529,6.0,1,1
bakersh01w,NYL,7,68.0,125,1,0,0,1,1,0.5576815830464799,2,0.5294117647058824,3.0,1,0
blueni01w,WAS,7,68.0,163,1,0,0,1,1,0.5444414197698901,11,0.47058823529411764,4.5,1,0
bondla01w,CHA,7,67.0,132,1,0,0,1,1,0.29997000299970006,0,0.17647058823529413,6.0,1,0
cronika01w,CHI,7,72.0,155,1,0,0,1,1,0.5,0,0.5,6.0,0,0
currimo01w,CHA,7,72.0,177,0,1,0,1,1,0.29997000299970006,0,0.17647058823529413,6.0,1,0
davisbr01w,LAS,7,72.0,172,1,0,0,1,1,0.6665555740709881,0,0.5,4.0,1,0
duffyme01w,MIN,7,67.0,135,1,0,0,1,1,0.5,0,0.4117647058823529,6.0,1,0
dupreca01w,CHI,7,74.0,162,0,1,0,1,1,0.5,0,0.5,6.0,0,0
flukety01w,CHA,7,77.0,209,0,0,1,2,1,0.29997000299970006,0,0.17647058823529413,6.0,1,0
gomisem01w,NYL,7,71.0,134,1,0,0,0,0,0.5576815830464799,2,0.5294117647058824,3.0,1,0
greenci01w,SEA,7,77.0,183,0,0,1,1,1,0.520199392932359,11,0.5882352941176471,2.0,1,0
jamesta01w,WAS,7,69.0,158,0,1,0,1,1,0.5444414197698901,11,0.47058823529411764,4.5,1,0
kostaan01w,HOU,7,67.0,137,1,0,0,0,0,0.6161585042499785,10,0.5588235294117647,3.0,1,0
lacyje01w,PHO,7,75.0,175,0,1,0,1,1,0.5,0,0.47058823529411764,5.0,1,0
leuchye01w,CHA,7,77.0,195,0,0,1,1,1,0.29997000299970006,0,0.17647058823529413,6.0,1,0
mahonme01w,CON,7,72.0,160,0,1,0,1,1,0.6078371780668816,12,0.7647058823529411,1.0,1,0
moeggli01w,CHI,7,73.0,195,0,1,0,1,1,0.5,0,0.5,6.0,0,0
ndongem01w,LAS,7,74.0,170,0,0,1,0,0,0.6665555740709881,0,0.5,4.0,1,0
ngarsch01w,NYL,7,75.0,168,0,0,1,1,1,0.5576815830464799,2,0.5294117647058824,3.0,1,0
osipoir01w,DET,7,77.0,190,0,0,1,0,0,0.5403182232401351,7,0.47058823529411764,4.5,1,0
paliesa01w,DET,7,67.0,159,1,0,0,0,0,0.5403182232401351,7,0.47058823529411764,4.5,1,0
philler01w,CON,7,67.0,162,1,0,0,0,0,0.6078371780668816,12,0.7647058823529411,1.0,1,0
pondeca01w,PHO,7,69.0,160,1,0,0,1,1,0.5,0,0.47058823529411764,5.0,1,0
queenbr01w,CON,7,74.0,185,0,1,0,1,1,0.6078371780668816,12,0.7647058823529411,1.0,1,0
smithcr01w,PHO,7,66.0,121,1,0,0,1,1,0.5,0,0.47058823529411764,5.0,1,0
smithki01w,SAC,7,73.0,158,0,1,0,1,1,0.6547541100701182,13,0.7352941176470589,1.0,1,0
stansti01w,LAS,7,75.0,183,0,1,1,1,1,0.6665555740709881,0,0.5,4.0,1,0
strotan01w,PHO,7,75.0,166,1,1,0,2,1,0.5,0,0.47058823529411764,5.0,1,0
teilaza01w,WAS,7,79.0,170,0,0,1,1,1,0.5444414197698901,11,0.47058823529411764,4.5,1,0
terryka01w,IND,7,75.0,183,0,1,1,1,1,0.5294039793532448,2,0.6176470588235294,2.0,1,0
thorbsh01w,MIN,7,69.0,149,1,0,0,1,1,0.5,0,0.4117647058823529,6.0,1,0
turneba01w,SEA,7,72.0,172,1,1,0,2,1,0.520199392932359,11,0.5882352941176471,2.0,1,0
vilipda01w,LAS,7,76.0,207,0,1,1,0,0,0.6665555740709881,0,0.5,4.0,1,0
wilkibr01w,SAC,7,75.0,185,0,0,1,1,1,0.6547541100701182,13,0.7352941176470589,1.0,1,0
willili01w,LAS,7,71.0,170,1,0,0,1,1,0.6665555740709881,0,0.5,4.0,1,0
youngso01w,SAS,7,73.0,165,0,1,0,1,1,0.4451192370778227,5,0.20588235294117646,7.0,1,0
balesal01w,IND,8,79.0,218,0,0,1,1,1,0.5588180508034235,2,0.6176470588235294,3.0,1,0
bowenli01w,NYL,8,67.0,145,1,0,0,1,1,0.46511087080382785,2,0.3235294117647059,5.5,1,0
chambco01w,CON,8,69.0,160,1,0,0,1,1,0.6470540657789281,15,0.7647058823529411,1.0,1,0
coggicl01w,CHI,8,71.0,170,1,0,0,1,1,0.5,0,0.14705882352941177,7.0,1,0
davenje01w,NYL,8,77.0,215,0,0,1,1,1,0.46511087080382785,2,0.3235294117647059,5.5,1,0
davisde01w,HOU,8,67.0,138,1,0,0,1,1,0.7856581672737661,1,0.5294117647058824,4.0,1,0
doronsh01w,NYL,8,69.0,145,1,0,0,1,1,0.46511087080382785,2,0.3235294117647059,5.5,1,0
fernama01w,LAS,8,71.0,138,1,0,0,0,0,0.7933280444797034,19,0.7352941176470589,1.0,1,0
gearlka01w,SEA,8,73.0,184,1,1,0,1,1,0.5215494760798445,12,0.5294117647058824,4.0,1,0
goringi01w,WAS,8,79.0,225,0,0,1,1,1,0.5420535418058794,11,0.5294117647058824,4.0,1,0
granter01w,HOU,8,68.0,125,1,0,0,1,1,0.7856581672737661,1,0.5294117647058824,4.0,1,0
hairska01w,CON,8,72.0,150,0,1,0,1,1,0.6470540657789281,15,0.7647058823529411,1.0,1,0
hardili01w,MIN,8,68.0,139,1,0,0,1,1,0.5,0,0.29411764705882354,7.0,1,0
jacksti02w,NYL,8,75.0,185,0,1,0,1,1,0.46511087080382785,2,0.3235294117647059,5.5,1,0
joensca01w,CHI,8,71.0,165,1,1,0,1,1,0.5,0,0.14705882352941177,7.0,1,0
lattaiv01w,DET,8,66.0,143,1,0,0,1,1,0.5696166479958987,14,0.6764705882352942,2.0,1,0
littlca01w,SAS,8,74.0,180,0,1,0,1,1,0.43434124070080454,5,0.38235294117647056,6.0,1,0
maltsev01w,CON,8,71.0,165,1,0,0,0,0,0.6470540657789281,15,0.7647058823529411,1.0,1,0
moorena01w,MIN,8,70.0,145,1,0,0,1,1,0.5,0,0.29411764705882354,7.0,1,0
mosbybe01w,WAS,8,73.0,172,0,1,0,1,1,0.5420535418058794,11,0.5294117647058824,4.0,1,0
murphsh01w,MIN,8,71.0,164,1,0,0,1,1,0.5,0,0.29411764705882354,7.0,1,0
pricear01w,CHI,8,69.0,133,1,1,0,1,1,0.5,0,0.14705882352941177,7.0,1,1
quinnno01w,MIN,8,72.0,175,1,0,0,1,1,0.5,0,0.29411764705882354,7.0,1,0
raymost01w,CHI,8,65.0,139,1,0,0,1,1,0.5,0,0.14705882352941177,7.0,1,0
sandeam01w,DET,8,71.0,156,1,0,0,1,1,0.5696166479958987,14,0.6764705882352942,2.0,1,0
shielas01w,HOU,8,70.0,155,1,0,0,1,1,0.7856581672737661,1,0.5294117647058824,4.0,1,0
smithty01w,DET,8,72.0,0,0,1,0,1,1,0.5696166479958987,14,0.6764705882352942,2.0,1,0
spencsi01w,LAS,8,75.0,183,1,0,0,2,1,0.7933280444797034,19,0.7352941176470589,1.0,1,0
thomaca01w,CHI,8,75.0,200,0,1,0,1,1,0.5,0,0.14705882352941177,7.0,1,0
weberma01w,NYL,8,77.0,200,0,0,1,1,1,0.46511087080382785,2,0.3235294117647059,5.5,1,0
ajavoma01w,HOU,9,68.0,160,1,0,0,1,1,0.49998958355034273,1,0.38235294117647056,5.0,1,0
allench01w,SAC,9,71.0,135,1,0,0,1,1,0.5588070939090027,1,0.5588235294117647,3.0,1,0
anderjo01w,CON,9,68.0,166,1,0,0,1,1,0.623525743966212,16,0.5294117647058824,3.0,1,0
anosini01w,MIN,9,75.0,211,0,0,1,2,1,0.29410899679421193,0,0.29411764705882354,6.5,1,0
atunrmo01w,SAS,9,70.0,143,1,1,0,1,1,0.4568945823509381,7,0.5882352941176471,2.0,1,0
beckki01w,SEA,9,68.0,125,1,0,0,1,1,0.3975855712581776,0,0.5,4.0,1,0
berezva01w,SAS,9,76.0,0,0,0,1,1,1,0.4568945823509381,7,0.5882352941176471,2.0,1,0
bobbish01w,LAS,9,62.0,130,1,0,0,2,1,0.7010831462872484,19,0.29411764705882354,6.5,1,0
carsoes01w,NYL,9,72.0,165,1,1,0,1,1,0.4666627778101849,3,0.47058823529411764,4.5,1,0
chanequ01w,CHI,9,71.0,160,1,0,0,3,1,0.5,0,0.4117647058823529,6.0,1,0
crockwi01w,PHO,9,74.0,215,0,1,0,2,1,0.5,0,0.6764705882352942,1.0,1,0
fowlesy01w,CHI,9,78.0,200,0,0,1,3,1,0.5,0,0.4117647058823529,6.0,1,0
frankaq01w,SAC,9,64.0,154,1,0,0,1,1,0.5588070939090027,1,0.5588235294117647,3.0,1,0
gardike01w,CON,9,73.0,168,0,1,0,1,1,0.623525743966212,16,0.5294117647058824,3.0,1,0
gisseka01w,LAS,9,73.0,178,0,1,0,1,1,0.7010831462872484,19,0.29411764705882354,6.5,1,0
givench01w,DET,9,70.0,0,1,0,0,1,1,0.5937469075681897,20,0.7058823529411765,1.0,1,0
grudasa01w,CON,9,76.0,185,0,1,1,0,0,0.623525743966212,16,0.5294117647058824,3.0,1,0
harpela01w,SAC,9,77.0,190,0,1,1,1,1,0.5588070939090027,1,0.5588235294117647,3.0,1,0
holmese01w,HOU,9,73.0,155,1,1,0,1,1,0.49998958355034273,1,0.38235294117647056,5.0,1,0
holtam01w,CON,9,72.0,168,0,1,0,1,1,0.623525743966212,16,0.5294117647058824,3.0,1,0
hornbal01w,DET,9,71.0,155,1,0,0,2,1,0.5937469075681897,20,0.7058823529411765,1.0,1,0
houstch01w,MIN,9,72.0,189,0,1,0,2,1,0.29410899679421193,0,0.29411764705882354,6.5,1,0
humphta01w,DET,9,75.0,190,0,0,1,1,1,0.5937469075681897,20,0.7058823529411765,1.0,1,0
humphta01w,WAS,9,75.0,190,0,0,1,1,1,0.5,0,0.47058823529411764,4.5,1,0
kellycr01w,SAC,9,74.0,190,0,1,0,1,1,0.5588070939090027,1,0.5588235294117647,3.0,1,0
langhcr01w,WAS,9,74.0,184,0,1,1,1,1,0.5,0,0.47058823529411764,4.5,1,0
larkier01w,NYL,9,73.0,210,0,1,0,1,1,0.4666627778101849,3,0.47058823529411764,4.5,1,0
liebena01w,DET,9,70.0,150,1,0,0,1,1,0.5937469075681897,20,0.7058823529411765,1.0,1,0
mitchle01w,NYL,9,65.0,130,1,0,0,1,1,0.4666627778101849,3,0.47058823529411764,4.5,1,0
nnamach01w,ATL,9,72.0,156,1,0,0,1,1,0.5,0,0.5,6.0,0,0
ogayu01w,PHO,9,66.0,140,1,0,0,0,0,0.5,0,0.6764705882352942,1.0,1,0
oneilkr01w,SEA,9,73.0,158,1,1,0,1,1,0.3975855712581776,0,0.5,4.0,1,0
pageda01w,CON,9,74.0,179,0,1,0,1,1,0.623525743966212,16,0.5294117647058824,3.0,1,0
parkeca01w,LAS,9,76.0,175,0,1,0,2,1,0.7010831462872484,19,0.29411764705882354,6.5,1,1
pascafl01w,SEA,9,76.0,187,0,0,1,0,0,0.3975855712581776,0,0.5,4.0,1,0
pringla01w,PHO,9,75.0,162,0,1,1,1,1,0.5,0,0.6764705882352942,1.0,1,0
quiglal01w,PHO,9,70.0,140,1,0,0,1,1,0.5,0,0.6764705882352942,1.0,1,0
rossad01w,SAS,9,68.0,142,1,0,0,1,1,0.4568945823509381,7,0.5882352941176471,2.0,1,0
rushle01w,CHI,9,73.0,175,0,1,0,1,1,0.5,0,0.4117647058823529,6.0,1,0
sanniol01w,DET,9,74.0,0,0,0,1,1,1,0.5937469075681897,20,0.7058823529411765,1.0,1,0
smithbr01w,PHO,9,75.0,195,0,1,1,1,1,0.5,0,0.6764705882352942,1.0,1,0
smithwa01w,DET,9,71.0,175,1,0,0,1,1,0.5937469075681897,20,0.7058823529411765,1.0,1,0
swanike01w,CON,9,67.0,144,1,0,0,2,1,0.623525743966212,16,0.5294117647058824,3.0,1,0
vaughkr01w,WAS,9,73.0,160,0,1,0,1,1,0.5,0,0.47058823529411764,4.5,1,0
walkema01w,HOU,9,75.0,253,0,0,1,1,1,0.49998958355034273,1,0.38235294117647056,5.0,1,0
whiteer01w,HOU,9,63.0,135,1,0,0,3,1,0.49998958355034273,1,0.38235294117647056,5.0,1,0
whittkh01w,IND,9,73.0,185,0,1,0,1,1,0.3437464193081322,0,0.6176470588235294,2.0,1,0
wiggica01w,MIN,9,71.0,154,1,0,0,1,1,0.29410899679421193,0,0.29411764705882354,6.5,1,0
youngta01w,ATL,9,74.0,166,0,1,0,1,1,0.5,0,0.5,6.0,0,0
zollsh01w,MIN,9,67.0,148,1,0,0,1,1,0.29410899679421193,0,0.29411764705882354,6.5,1,0
blackch01w,CON,10,77.0,188,0,0,1,1,1,0.622545967911922,17,0.6176470588235294,2.0,1,0
boddiwh01w,SAC,10,69.0,149,1,0,0,1,1,0.5441096454463905,2,0.5294117647058824,4.0,1,0
bonnede01w,PHO,10,76.0,136,1,0,0,1,1,0.47057439487073915,0,0.47058823529411764,6.5,1,0
cironkr01w,CON,10,68.0,150,1,0,0,1,1,0.622545967911922,17,0.6176470588235294,2.0,1,0
colemma01w,WAS,10,73.0,160,1,1,0,1,1,0.5,0,0.29411764705882354,6.0,1,0
davista02w,DET,10,71.0,0,1,0,0,1,1,0.6017672488174831,27,0.6470588235294118,1.0,1,0
ervinla01w,CON,10,76.0,171,0,1,0,1,1,0.622545967911922,17,0.6176470588235294,2.0,1,0
frazeme01w,SAS,10,75.0,191,0,1,0,1,1,0.4887199672181684,11,0.7058823529411765,1.0,1,0
holliqu01w,MIN,10,77.0,201,0,0,1,1,1,0.5,0,0.47058823529411764,6.5,1,0
januabr01w,IND,10,68.0,144,1,0,0,1,1,0.38461242605826107,1,0.5,4.0,1,0
jekaban01w,CON,10,69.0,180,1,0,0,0,0,0.622545967911922,17,0.6176470588235294,2.0,1,0
lehnish01w,ATL,10,69.0,147,1,0,0,1,1,0.11764359871768479,0,0.11764705882352941,7.0,1,0
mccanra01w,MIN,10,73.0,161,0,1,0,1,1,0.5,0,0.47058823529411764,6.5,1,0
mccouan01w,ATL,10,73.0,160,0,1,0,1,1,0.11764359871768479,0,0.11764705882352941,7.0,1,1
millebr01w,DET,10,76.0,0,0,0,1,1,1,0.6017672488174831,27,0.6470588235294118,1.0,1,0
montaan01w,MIN,10,73.0,190,0,1,0,1,1,0.5,0,0.47058823529411764,6.5,1,0
montgre01w,MIN,10,67.0,139,1,0,0,2,1,0.5,0,0.47058823529411764,6.5,1,0
nanch01w,CHI,10,78.0,204,0,0,1,0,0,0.35293079615305434,0,0.35294117647058826,5.0,1,0
parisco01w,SAC,10,76.0,250,0,0,1,1,1,0.5441096454463905,2,0.5294117647058824,4.0,1,0
tolivkr01w,CHI,10,67.0,130,1,0,0,1,1,0.35293079615305434,0,0.35294117647058826,5.0,1,0
vaughki01w,NYL,10,76.0,208,0,0,1,1,1,0.4870098246115285,6,0.5588235294117647,3.0,1,0
walkeas01w,SEA,10,73.0,200,0,1,1,1,1,0.47008145229527953,1,0.6470588235294118,2.0,1,0
wirthch01w,IND,10,73.0,185,0,1,0,1,1,0.38461242605826107,1,0.5,4.0,1,0
wisdoli01w,LAS,10,74.0,186,0,1,0,1,1,0.683483103288517,22,0.5882352941176471,3.0,1,0
zellosh01w,DET,10,70.0,155,1,0,0,1,1,0.6017672488174831,27,0.6470588235294118,1.0,1,0
