playerID,year,stint,tmID,lgID,GP,GS,minutes,points,oRebounds,dRebounds,rebounds,assists,steals,blocks,turnovers,PF,fgAttempted,fgMade,ftAttempted,ftMade,threeAttempted,threeMade,dq,PostGP,PostGS,PostMinutes,PostPoints,PostoRebounds,PostdRebounds,PostRebounds,PostAssists,PostSteals,PostBlocks,PostTurnovers,PostPF,PostfgAttempted,PostfgMade,PostftAttempted,PostftMade,PostthreeAttempted,PostthreeMade,PostDQ,ppg,rpg,apg,spg,bpg,mpg,fg_pct,efficiency,gs_pct,win_pct,made_playoffs,conf_rank,ppg_league_avg,rpg_league_avg,apg_league_avg,spg_league_avg,bpg_league_avg,efficiency_league_avg,ppg_vs_avg,rpg_vs_avg,apg_vs_avg,efficiency_vs_avg,is_rookie,won_most_valuable_player,won_defensive_player_of_the_year,won_rookie_of_the_year,won_most_improved_player,won_all-star_game_most_valuable_player,ppg_prev,ppg_improvement,rpg_prev,rpg_improvement,apg_prev,apg_improvement,efficiency_prev,efficiency_improvement,mpg_prev,mpg_improvement,ppg_pct_improvement,efficiency_pct_improvement,mpg_pct_improvement,mip_proba,mip_rank
ajavoma01w,10,0,WAS,WNBA,34,4,587,272,27,37,64,37,37,4,50,84,253,85,110,74,82,28,1,2,0,34,19,1,4,5,3,4,0,2,6,16,6,6,5,8,2,0,8.0,1.8823529411764703,1.088235294117647,1.088235294117647,0.1176470588235294,17.264705882352942,0.3359683794466403,10.705882352941176,0.1176470588235294,0.4705882352941176,1,5.0,7.734244980031917,3.37880504452864,1.6016297085726756,0.7993882358016287,0.3867847274226418,12.404335126047746,0.2657550199680827,-1.4964521033521696,-0.5133944144550286,-1.6984527731065704,0,0,0,0,0,0,8.029411764705882,-0.02941176470588225,1.7647058823529411,0.11764705882352922,1.7352941176470589,-0.6470588235294119,11.0,-0.29411764705882426,17.764705882352942,-0.5,-0.0036179450072358773,-0.0264970853206148,-0.027988146196904838,0.0,10.0
anosini01w,10,0,MIN,WNBA,30,29,896,396,73,149,222,81,81,28,61,88,265,130,194,135,4,1,1,0,0,0,0,0,0,0,0,0,0,0,0,0,0,0,0,0,0,0,13.2,7.4,2.7,2.7,0.9333333333333332,29.866666666666667,0.490566037735849,24.9,0.9666666666666668,0.4117647058823529,1,5.0,7.734244980031917,3.37880504452864,1.6016297085726756,0.7993882358016287,0.3867847274226418,12.404335126047746,5.465755019968082,4.02119495547136,1.0983702914273246,12.495664873952252,0,0,0,0,0,0,9.235294117647058,3.9647058823529413,6.794117647058823,0.605882352941177,1.3235294117647058,1.3764705882352943,19.58823529411765,5.31176470588235,27.058823529411764,2.8078431372549026,0.4247006931316951,0.2697938452345382,0.10338603710923401,0.0,11.0
batkosu01w,10,0,SEA,WNBA,20,0,147,47,9,20,29,4,5,6,24,29,43,21,8,2,11,3,0,3,0,86,38,0,10,10,0,4,7,7,9,28,14,4,3,13,7,0,2.35,1.45,0.2,0.25,0.3,7.35,0.4883720930232558,3.35,0.0,0.5882352941176471,1,2.0,7.734244980031917,3.37880504452864,1.6016297085726756,0.7993882358016287,0.3867847274226418,12.404335126047746,-5.384244980031918,-1.92880504452864,-1.4016297085726757,-9.054335126047746,0,0,0,0,0,0,6.862068965517241,-4.512068965517241,3.2413793103448274,-1.7913793103448274,0.896551724137931,-0.6965517241379311,11.310344827586206,-7.960344827586207,15.89655172413793,-8.546551724137931,-0.6480931154036651,-0.6976427923844062,-0.5342746281526192,0.0,12.0
battlas01w,10,0,NYL,WNBA,34,3,548,177,17,68,85,40,31,2,52,48,148,63,46,32,46,19,0,0,0,0,0,0,0,0,0,0,0,0,0,0,0,0,0,0,0,0,5.205882352941177,2.5,1.1764705882352942,0.9117647058823528,0.0588235294117647,16.11764705882353,0.4256756756756756,8.323529411764707,0.088235294117647,0.3823529411764705,1,7.0,7.734244980031917,3.37880504452864,1.6016297085726756,0.7993882358016287,0.3867847274226418,12.404335126047746,-2.5283626270907407,-0.8788050445286402,-0.4251591203373814,-4.08080571428304,0,0,0,0,0,0,3.5588235294117645,1.6470588235294121,1.5588235294117647,0.9411764705882353,0.7058823529411765,0.47058823529411764,5.470588235294118,2.8529411764705888,9.882352941176473,6.235294117647056,0.4501607717041802,0.5121436114044352,0.6246317030053031,0.0,13.0
beardal01w,10,0,WAS,WNBA,31,30,985,492,19,104,123,68,72,18,100,97,438,188,114,84,107,32,2,2,2,54,19,1,3,4,5,2,0,0,6,26,8,3,2,8,1,0,15.870967741935484,3.967741935483871,2.193548387096774,2.3225806451612905,0.5806451612903226,31.774193548387096,0.4292237442922374,21.70967741935484,0.967741935483871,0.4705882352941176,1,5.0,7.734244980031917,3.37880504452864,1.6016297085726756,0.7993882358016287,0.3867847274226418,12.404335126047746,8.136722761903567,0.5889368909552308,0.5919186785240984,9.305342293307094,0,0,0,0,0,0,16.12121212121212,-0.2502443792766371,3.575757575757576,0.39198435972629486,3.5454545454545454,-1.3519061583577714,22.272727272727277,-0.5630498533724371,33.09090909090909,-1.3167155425219974,-0.015426983964373295,-0.02516679555910933,-0.03967096950901663,0.0,14.0
beviltu01w,10,0,IND,WNBA,34,32,861,209,12,67,79,97,62,8,48,76,181,68,54,36,107,37,0,10,10,224,53,5,18,23,20,12,1,11,25,53,18,10,7,32,10,0,6.147058823529412,2.323529411764706,2.8529411764705883,1.8235294117647056,0.2352941176470588,25.323529411764707,0.3756906077348066,11.970588235294118,0.9411764705882352,0.6470588235294118,1,1.0,7.734244980031917,3.37880504452864,1.6016297085726756,0.7993882358016287,0.3867847274226418,12.404335126047746,-1.5871861565025052,-1.055275632763934,1.2513114678979127,-0.4337468907536284,0,0,0,0,0,0,5.833333333333333,0.3137254901960791,2.2666666666666666,0.05686274509803946,2.1666666666666665,0.6862745098039218,11.2,0.7705882352941185,29.2,-3.876470588235293,0.05287508261731671,0.06819364914107244,-0.13230275045171647,0.0,15.0
birdsu01w,10,0,SEA,WNBA,31,31,1101,397,12,66,78,179,47,3,81,50,377,154,41,35,150,54,0,3,3,109,34,1,10,11,12,4,0,7,5,33,11,8,7,12,5,0,12.806451612903226,2.5161290322580645,5.774193548387097,1.5161290322580645,0.0967741935483871,35.516129032258064,0.4084880636604774,20.096774193548388,1.0,0.5882352941176471,1,2.0,7.734244980031917,3.37880504452864,1.6016297085726756,0.7993882358016287,0.3867847274226418,12.404335126047746,5.072206632871309,-0.8626760122705757,4.172563839814421,7.692439067500642,0,0,0,0,0,0,14.090909090909092,-1.2844574780058657,2.5454545454545454,-0.029325513196480912,5.121212121212121,0.6529814271749759,20.363636363636363,-0.2668621700879754,33.666666666666664,1.8494623655913998,-0.09051269864230957,-0.013040799071380406,0.05477183708562882,0.0,16.0
blueni01w,10,0,WAS,WNBA,16,0,91,24,2,8,10,12,7,0,13,12,24,7,10,7,9,3,0,0,0,0,0,0,0,0,0,0,0,0,0,0,0,0,0,0,0,0,1.5,0.625,0.75,0.4375,0.0,5.6875,0.2916666666666667,2.5,0.0,0.4705882352941176,1,5.0,7.734244980031917,3.37880504452864,1.6016297085726756,0.7993882358016287,0.3867847274226418,12.404335126047746,-6.234244980031917,-2.75380504452864,-0.8516297085726756,-9.904335126047746,0,0,0,0,0,0,3.807692307692308,-2.307692307692308,1.5769230769230769,-0.9519230769230769,2.8076923076923075,-2.0576923076923075,7.384615384615385,-4.884615384615385,20.653846153846157,-14.966346153846157,-0.5905511811023623,-0.6526207605344296,-0.7211360266864344,0.0,17.0
bobbish01w,10,0,LAS,WNBA,33,3,353,71,11,22,33,46,15,1,28,34,85,26,13,11,37,8,0,3,0,11,0,0,1,1,0,0,0,1,3,4,0,0,0,2,0,0,2.1515151515151514,1.0,1.393939393939394,0.4545454545454545,0.0303030303030303,10.696969696969695,0.3058823529411765,4.181818181818182,0.0909090909090909,0.5294117647058824,1,3.0,7.734244980031917,3.37880504452864,1.6016297085726756,0.7993882358016287,0.3867847274226418,12.404335126047746,-5.582729828516766,-2.37880504452864,-0.2076903146332815,-8.222516944229564,0,0,0,0,0,0,4.076923076923077,-1.9254079254079253,2.4615384615384617,-1.4615384615384617,3.4615384615384617,-2.0675990675990676,8.576923076923077,-4.395104895104895,21.23076923076923,-10.533799533799534,-0.4609632233941627,-0.5065280464216635,-0.49383120785933626,0.0,18.0
braxtka01w,10,0,DET,WNBA,28,2,504,252,66,101,167,41,19,18,51,79,201,106,62,40,0,0,0,5,0,96,48,12,22,34,7,4,7,12,10,37,20,14,8,0,0,0,9.0,5.964285714285714,1.4642857142857142,0.6785714285714286,0.6428571428571429,18.0,0.527363184079602,15.928571428571429,0.0714285714285714,0.5294117647058824,1,2.5,7.734244980031917,3.37880504452864,1.6016297085726756,0.7993882358016287,0.3867847274226418,12.404335126047746,1.2657550199680827,2.5854806697570742,-0.1373439942869614,3.5242363025236827,0,0,0,0,0,0,8.93939393939394,0.06060606060606055,5.090909090909091,0.8733766233766236,0.8181818181818182,0.646103896103896,14.363636363636363,1.5649350649350655,17.87878787878788,0.1212121212121211,0.006704659738518265,0.10819789889557335,0.006741951795044659,0.0,19.0
brownki01w,10,0,CON,WNBA,34,0,393,130,9,46,55,38,13,3,29,35,123,47,22,18,54,18,0,0,0,0,0,0,0,0,0,0,0,0,0,0,0,0,0,0,0,0,3.823529411764706,1.6176470588235294,1.1176470588235294,0.3823529411764705,0.088235294117647,11.558823529411764,0.3821138211382114,6.176470588235294,0.0,0.4705882352941176,1,5.0,7.734244980031917,3.37880504452864,1.6016297085726756,0.7993882358016287,0.3867847274226418,12.404335126047746,-3.9107155682672112,-1.7611579857051107,-0.4839826497491462,-6.227864537812452,0,0,0,0,0,0,4.9375,-1.113970588235294,1.84375,-0.22610294117647056,2.0625,-0.9448529411764706,8.21875,-2.0422794117647056,16.5625,-5.0036764705882355,-0.221135600642242,-0.2455031599416626,-0.3002956621508318,0.0,20.0
brunsre01w,10,0,SAC,WNBA,27,17,665,331,67,123,190,9,40,16,45,57,255,124,106,83,1,0,0,0,0,0,0,0,0,0,0,0,0,0,0,0,0,0,0,0,0,0,12.25925925925926,7.037037037037037,0.3333333333333333,1.4814814814814814,0.5925925925925926,24.62962962962963,0.4862745098039215,20.03703703703704,0.6296296296296297,0.3529411764705882,1,6.0,7.734244980031917,3.37880504452864,1.6016297085726756,0.7993882358016287,0.3867847274226418,12.404335126047746,4.525014279227342,3.658231992508397,-1.2682963752393424,7.632701910989292,0,0,0,0,0,0,10.9,1.3592592592592592,7.1,-0.06296296296296244,0.4333333333333333,-0.09999999999999998,18.6,1.4370370370370402,25.966666666666665,-1.3370370370370352,0.12356902356902356,0.0768469003763123,-0.05129298096050008,0.0,21.0
burseja01w,10,0,SEA,WNBA,34,8,541,207,31,76,107,10,21,31,35,71,145,74,80,59,0,0,1,3,3,32,2,1,7,8,2,0,2,3,9,8,0,4,2,0,0,1,6.088235294117647,3.147058823529412,0.2941176470588235,0.6176470588235294,0.9117647058823528,15.911764705882351,0.5103448275862069,10.029411764705882,0.2352941176470588,0.5882352941176471,1,2.0,7.734244980031917,3.37880504452864,1.6016297085726756,0.7993882358016287,0.3867847274226418,12.404335126047746,-1.6460096859142703,-0.2317462209992284,-1.307512061513852,-2.374923361341864,0,0,0,0,0,0,8.827586206896552,-2.739350912778905,5.310344827586207,-2.163286004056795,0.7586206896551724,-0.4645030425963489,14.310344827586206,-4.280933062880324,24.448275862068964,-8.536511156186613,-0.30684116056619637,-0.297073603310671,-0.3477438172909282,0.0,22.0
cantydo01w,10,0,CHI,WNBA,34,34,776,234,18,45,63,109,28,5,57,96,194,74,119,82,11,4,1,0,0,0,0,0,0,0,0,0,0,0,0,0,0,0,0,0,0,0,6.882352941176471,1.8529411764705883,3.2058823529411766,0.8235294117647058,0.1470588235294117,22.823529411764707,0.3814432989690721,11.235294117647058,1.0,0.4705882352941176,1,5.0,7.734244980031917,3.37880504452864,1.6016297085726756,0.7993882358016287,0.3867847274226418,12.404335126047746,-0.8518920388554463,-1.525863868058052,1.604252644368501,-1.169041008400688,0,0,0,0,0,0,8.071428571428571,-1.1890756302521002,2.5357142857142856,-0.6827731092436973,4.107142857142857,-0.9012605042016801,13.892857142857142,-2.6575630252100844,26.321428571428573,-3.4978991596638664,-0.14551624845742486,-0.18992282977509536,-0.13238872191212253,0.0,23.0
carsoes01w,10,0,NYL,WNBA,34,34,859,340,24,48,72,46,37,10,54,76,321,131,48,44,102,34,1,0,0,0,0,0,0,0,0,0,0,0,0,0,0,0,0,0,0,0,10.0,2.117647058823529,1.3529411764705883,1.088235294117647,0.2941176470588235,25.264705882352946,0.4080996884735202,13.264705882352942,1.0,0.3823529411764705,1,7.0,7.734244980031917,3.37880504452864,1.6016297085726756,0.7993882358016287,0.3867847274226418,12.404335126047746,2.2657550199680827,-1.2611579857051107,-0.2486885321020873,0.8603707563051959,0,0,0,0,0,0,6.5588235294117645,3.4411764705882355,2.235294117647059,-0.11764705882352988,0.9117647058823528,0.4411764705882355,9.852941176470589,3.4117647058823533,19.0,6.264705882352946,0.5167844522968199,0.3427895981087471,0.32799507237449976,0.0,24.0
cashsw01w,10,0,SEA,WNBA,32,29,1094,390,62,152,214,82,28,16,91,98,355,139,128,102,31,10,1,3,3,116,63,6,10,16,5,7,3,6,10,39,19,25,21,10,4,0,12.1875,6.6875,2.5625,0.875,0.5,34.1875,0.3915492957746478,19.96875,0.90625,0.5882352941176471,1,2.0,7.734244980031917,3.37880504452864,1.6016297085726756,0.7993882358016287,0.3867847274226418,12.404335126047746,4.453255019968083,3.30869495547136,0.9608702914273244,7.564414873952254,0,0,0,0,0,1,11.32258064516129,0.86491935483871,5.387096774193548,1.300403225806452,1.870967741935484,0.691532258064516,18.06451612903226,1.9042338709677402,29.90322580645161,4.2842741935483915,0.07572013555492801,0.1048326229799324,0.14279378561445022,0.0,25.0
castriz01w,10,0,ATL,WNBA,34,33,915,488,20,55,75,67,36,2,83,75,445,184,91,71,142,49,0,2,2,51,32,1,2,3,9,0,0,4,5,16,8,17,12,8,4,0,14.352941176470589,2.2058823529411766,1.9705882352941175,1.0588235294117647,0.0588235294117647,26.91176470588235,0.4134831460674157,17.205882352941178,0.9705882352941176,0.5294117647058824,1,2.5,7.734244980031917,3.37880504452864,1.6016297085726756,0.7993882358016287,0.3867847274226418,12.404335126047746,6.618696196438672,-1.1729226915874635,0.3689585267214421,4.801547226893431,0,0,0,0,0,0,9.275862068965518,5.077079107505071,2.2413793103448274,-0.035496957403650775,1.793103448275862,0.17748478701825543,12.482758620689657,4.723123732251521,23.13793103448276,3.77383367139959,0.5415053112087056,0.3753647252268953,0.16239972766076285,0.0,26.0
catchta01w,10,0,IND,WNBA,34,34,1084,512,86,159,245,107,99,18,88,92,407,157,181,158,122,40,0,10,10,357,172,24,80,104,54,33,14,34,34,122,56,60,51,36,9,1,15.058823529411764,7.205882352941177,3.147058823529412,2.911764705882353,0.5294117647058824,31.88235294117647,0.3857493857493858,26.264705882352946,1.0,0.6470588235294118,1,1.0,7.734244980031917,3.37880504452864,1.6016297085726756,0.7993882358016287,0.3867847274226418,12.404335126047746,7.324578549379847,3.827077308412537,1.545429114956736,13.860370756305196,0,0,1,0,0,0,13.28,1.7788235294117651,6.28,0.9258823529411764,3.32,-0.1729411764705877,22.84,3.4247058823529457,27.76,4.122352941176469,0.13294645212345033,0.14928970716447015,0.14796672437819344,0.0,27.0
chrissh01w,10,0,NYL,WNBA,32,31,1014,514,29,127,156,56,28,27,56,102,383,154,148,128,204,78,1,0,0,0,0,0,0,0,0,0,0,0,0,0,0,0,0,0,0,0,16.0625,4.875,1.75,0.875,0.84375,31.6875,0.402088772845953,22.65625,0.96875,0.3823529411764705,1,7.0,7.734244980031917,3.37880504452864,1.6016297085726756,0.7993882358016287,0.3867847274226418,12.404335126047746,8.328255019968083,1.4961949554713598,0.1483702914273243,10.251914873952254,0,0,0,0,0,0,15.741935483870968,0.32056451612903203,3.032258064516129,1.842741935483871,1.6451612903225807,0.10483870967741926,20.12903225806452,2.5272177419354804,30.548387096774192,1.1391129032258078,0.020235186316432483,0.12493023441237422,0.03716714030102099,0.0,28.0
currimo01w,10,0,WAS,WNBA,34,34,728,278,38,108,146,61,29,14,57,83,217,78,127,102,52,20,0,2,2,37,10,8,7,15,1,4,1,3,8,15,2,7,6,3,0,0,8.176470588235293,4.294117647058823,1.7941176470588236,0.8529411764705882,0.4117647058823529,21.41176470588235,0.3594470046082949,13.852941176470589,1.0,0.4705882352941176,1,5.0,7.734244980031917,3.37880504452864,1.6016297085726756,0.7993882358016287,0.3867847274226418,12.404335126047746,0.4422256082033762,0.9153126025301832,0.1924879384861479,1.4486060504228426,0,0,0,0,0,0,11.852941176470589,-3.6764705882352953,4.147058823529412,0.14705882352941124,2.5294117647058822,-0.7352941176470587,17.205882352941178,-3.3529411764705888,28.58823529411765,-7.176470588235297,-0.3075787401574804,-0.1937457511896669,-0.2501537830633587,0.0,29.0
darlihe01w,10,0,SAS,WNBA,34,13,642,104,14,47,61,100,30,5,40,79,109,27,55,37,44,13,0,3,0,34,4,1,3,4,3,1,0,1,4,5,1,4,2,0,0,0,3.0588235294117645,1.7941176470588236,2.9411764705882355,0.8823529411764706,0.1470588235294117,18.88235294117647,0.2477064220183486,7.647058823529412,0.3823529411764705,0.4411764705882353,1,4.0,7.734244980031917,3.37880504452864,1.6016297085726756,0.7993882358016287,0.3867847274226418,12.404335126047746,-4.675421450620153,-1.5846873974698166,1.33954676201556,-4.757276302518334,0,0,0,0,0,0,3.4838709677419355,-0.425047438330171,2.3548387096774195,-0.5607210626185959,1.7419354838709675,1.199240986717268,7.290322580645161,0.3567362428842511,18.70967741935484,0.17267552182163115,-0.11860009530364807,0.04827072688525441,0.009180142645293371,0.0,30.0
davenje01w,10,0,IND,WNBA,27,0,181,72,15,25,40,6,7,14,21,38,55,29,20,14,0,0,0,9,0,55,37,1,10,11,3,2,8,3,9,25,14,11,9,0,0,0,2.6666666666666665,1.4814814814814814,0.2222222222222222,0.2592592592592592,0.5185185185185185,6.703703703703703,0.5272727272727272,4.37037037037037,0.0,0.6470588235294118,1,1.0,7.734244980031917,3.37880504452864,1.6016297085726756,0.7993882358016287,0.3867847274226418,12.404335126047746,-5.067578313365251,-1.8973235630471588,-1.3794074863504533,-8.033964755677376,0,0,0,0,0,0,4.642857142857143,-1.9761904761904767,2.857142857142857,-1.3756613756613758,0.2857142857142857,-0.06349206349206349,7.5,-3.1296296296296298,11.0,-4.296296296296297,-0.4166666666666668,-0.41179337231968816,-0.38705372038705377,0.0,31.0
desouer01w,10,0,ATL,WNBA,34,34,928,402,119,190,309,38,32,44,70,117,322,170,95,62,0,0,1,2,2,54,23,5,9,14,2,4,2,10,10,18,10,4,3,0,0,0,11.823529411764708,9.088235294117649,1.1176470588235294,0.9411764705882352,1.2941176470588236,27.294117647058822,0.5279503105590062,22.205882352941178,1.0,0.5294117647058824,1,2.5,7.734244980031917,3.37880504452864,1.6016297085726756,0.7993882358016287,0.3867847274226418,12.404335126047746,4.089284431732789,5.709430249589007,-0.4839826497491462,9.801547226893431,0,0,0,0,0,0,9.333333333333334,2.4901960784313744,6.583333333333333,2.5049019607843155,0.6666666666666666,0.4509803921568628,18.08333333333333,4.122549019607849,23.08333333333333,4.210784313725494,0.26397838287258385,0.22672130263654536,0.18162980504926649,0.0,32.0
dixonta01w,10,0,IND,WNBA,32,1,424,132,10,41,51,37,12,3,27,45,134,55,21,18,10,4,0,10,0,62,21,2,5,7,2,1,0,5,5,26,9,5,3,2,0,0,4.125,1.59375,1.15625,0.375,0.09375,13.25,0.4104477611940298,6.5,0.03125,0.6470588235294118,1,1.0,7.734244980031917,3.37880504452864,1.6016297085726756,0.7993882358016287,0.3867847274226418,12.404335126047746,-3.609244980031917,-1.7850550445286402,-0.4453797085726756,-5.904335126047746,0,0,0,0,0,0,9.0,-4.875,3.1666666666666665,-1.5729166666666665,1.8333333333333333,-0.6770833333333333,13.166666666666666,-6.666666666666666,26.416666666666668,-13.166666666666668,-0.5357142857142857,-0.5025125628140703,-0.4965430546825896,0.0,33.0
douglka01w,10,0,IND,WNBA,31,31,1003,547,24,96,120,85,56,7,75,45,459,188,122,105,189,66,0,10,10,361,155,14,21,35,40,14,6,19,14,141,51,43,35,58,18,0,17.64516129032258,3.870967741935484,2.7419354838709675,1.8064516129032255,0.2258064516129032,32.354838709677416,0.4095860566448802,23.870967741935484,1.0,0.6470588235294118,1,1.0,7.734244980031917,3.37880504452864,1.6016297085726756,0.7993882358016287,0.3867847274226418,12.404335126047746,9.910916310290665,0.4921626974068438,1.140305775298292,11.466632615887738,0,0,0,0,0,0,15.636363636363637,2.0087976539589434,4.090909090909091,-0.21994134897360684,3.212121212121212,-0.4701857282502444,21.848484848484848,2.0224828934506363,34.36363636363637,-2.0087976539589505,0.1276532304653286,0.09214681138184591,-0.05828745500804129,0.0,34.0
dupreca01w,10,0,CHI,WNBA,34,34,1186,534,76,192,268,75,35,41,81,54,476,204,130,102,62,24,0,0,0,0,0,0,0,0,0,0,0,0,0,0,0,0,0,0,0,0,15.705882352941176,7.882352941176471,2.2058823529411766,1.0294117647058822,1.2058823529411764,34.88235294117647,0.4285714285714285,25.647058823529413,1.0,0.4705882352941176,1,5.0,7.734244980031917,3.37880504452864,1.6016297085726756,0.7993882358016287,0.3867847274226418,12.404335126047746,7.971637372909258,4.503547896647831,0.604252644368501,13.242723697481669,0,0,0,0,0,0,16.323529411764707,-0.6176470588235308,7.9411764705882355,-0.0588235294117645,2.294117647058824,-0.08823529411764719,26.058823529411764,-0.4117647058823515,32.911764705882355,1.970588235294116,-0.0376074498567336,-0.015740948954351193,0.059693513898788256,0.0,35.0
elysh01w,10,0,CHI,WNBA,34,9,497,232,22,66,88,20,12,8,36,55,201,84,51,41,60,23,0,0,0,0,0,0,0,0,0,0,0,0,0,0,0,0,0,0,0,0,6.823529411764706,2.588235294117647,0.5882352941176471,0.3529411764705882,0.2352941176470588,14.617647058823527,0.417910447761194,9.529411764705882,0.2647058823529412,0.4705882352941176,1,5.0,7.734244980031917,3.37880504452864,1.6016297085726756,0.7993882358016287,0.3867847274226418,12.404335126047746,-0.9107155682672116,-0.790569750410993,-1.0133944144550284,-2.874923361341864,0,0,0,0,0,0,3.323529411764706,3.4999999999999996,2.647058823529412,-0.05882352941176494,0.4705882352941176,0.1176470588235295,6.088235294117647,3.4411764705882355,11.441176470588236,3.1764705882352917,1.0223367697594499,0.5560836501901142,0.27522935779816493,0.0,36.0
farriba01w,10,0,DET,WNBA,13,3,110,17,3,15,18,5,5,0,9,17,9,2,16,13,0,0,0,0,0,0,0,0,0,0,0,0,0,0,0,0,0,0,0,0,0,0,1.3076923076923077,1.3846153846153846,0.3846153846153846,0.3846153846153846,0.0,8.461538461538462,0.2222222222222222,2.769230769230769,0.2307692307692307,0.5294117647058824,1,2.5,7.734244980031917,3.37880504452864,1.6016297085726756,0.7993882358016287,0.3867847274226418,12.404335126047746,-6.42655267233961,-1.994189659913256,-1.217014323957291,-9.635104356816978,0,0,0,0,0,0,3.4705882352941178,-2.1628959276018103,3.823529411764706,-2.4389140271493215,0.2352941176470588,0.1493212669683258,7.205882352941177,-4.4366515837104075,16.264705882352942,-7.80316742081448,-0.605753389937904,-0.6072711507494116,-0.47682906597356634,0.0,37.0
ferdima01w,10,0,LAS,WNBA,28,6,339,151,17,24,41,24,15,2,22,44,135,58,37,31,22,4,1,2,0,14,5,1,1,2,0,1,0,0,2,4,1,2,2,2,1,0,5.392857142857143,1.4642857142857142,0.8571428571428571,0.5357142857142857,0.0714285714285714,12.107142857142858,0.4296296296296296,7.535714285714286,0.2142857142857142,0.5294117647058824,1,3.0,7.734244980031917,3.37880504452864,1.6016297085726756,0.7993882358016287,0.3867847274226418,12.404335126047746,-2.341387837174774,-1.914519330242926,-0.7444868514298185,-4.8686208403334605,0,0,0,0,0,0,8.363636363636363,-2.97077922077922,2.575757575757576,-1.111471861471862,1.303030303030303,-0.4458874458874459,11.87878787878788,-4.343073593073595,20.60606060606061,-8.498917748917751,-0.3510050636796071,-0.3625636948429765,-0.4104555622922373,0.0,38.0
fordch01w,10,0,DET,WNBA,29,29,755,249,71,144,215,25,28,13,49,105,227,97,100,55,3,0,1,5,5,148,39,17,33,50,6,7,1,18,23,29,13,16,13,0,0,0,8.586206896551724,7.413793103448276,0.8620689655172413,0.9655172413793104,0.4482758620689655,26.03448275862069,0.4273127753303964,16.586206896551722,1.0,0.5294117647058824,1,2.5,7.734244980031917,3.37880504452864,1.6016297085726756,0.7993882358016287,0.3867847274226418,12.404335126047746,0.8519619165198069,4.034988058919636,-0.7395607430554343,4.181871770503976,0,0,0,0,0,0,10.125,-1.5387931034482758,8.666666666666666,-1.2528735632183903,0.9166666666666666,-0.054597701149425304,20.125,-3.5387931034482776,26.541666666666668,-0.5071839080459775,-0.15049321305117613,-0.17497122884787528,-0.019037243967944102,0.0,39.0
fowlesy01w,10,0,CHI,WNBA,24,20,692,270,52,136,188,19,21,35,76,72,172,103,99,64,0,0,1,0,0,0,0,0,0,0,0,0,0,0,0,0,0,0,0,0,0,0,11.25,7.833333333333333,0.7916666666666666,0.875,1.4583333333333333,28.83333333333333,0.5988372093023255,19.041666666666668,0.8333333333333334,0.4705882352941176,1,5.0,7.734244980031917,3.37880504452864,1.6016297085726756,0.7993882358016287,0.3867847274226418,12.404335126047746,3.5157550199680827,4.454528288804693,-0.809963041906009,6.637331540618922,0,0,0,0,0,0,10.470588235294118,0.7794117647058822,7.470588235294118,0.3627450980392153,0.2941176470588235,0.49754901960784315,19.294117647058822,-0.25245098039215463,25.294117647058822,3.539215686274506,0.07373400111296605,-0.013016884035992202,0.13937147710601483,0.0,40.0
gardike01w,10,0,CON,WNBA,33,23,596,180,54,89,143,39,25,24,38,57,159,58,89,54,39,10,0,0,0,0,0,0,0,0,0,0,0,0,0,0,0,0,0,0,0,0,5.454545454545454,4.333333333333333,1.181818181818182,0.7575757575757576,0.7272727272727273,18.060606060606062,0.3647798742138364,11.303030303030305,0.696969696969697,0.4705882352941176,1,5.0,7.734244980031917,3.37880504452864,1.6016297085726756,0.7993882358016287,0.3867847274226418,12.404335126047746,-2.279699525486463,0.9545282888046928,-0.4198115267544937,-1.1013048230174434,0,0,0,0,0,0,4.029411764705882,1.425133689839572,3.264705882352941,1.068627450980392,1.2058823529411764,-0.024064171122994304,8.235294117647058,3.0677361853832465,15.882352941176473,2.1782531194295895,0.3451178451178451,0.3680417441885335,0.13629114107583,0.0,41.0
gearlka01w,10,0,SEA,WNBA,20,0,243,82,4,22,26,11,6,3,12,14,74,29,4,3,52,21,0,0,0,0,0,0,0,0,0,0,0,0,0,0,0,0,0,0,0,0,4.1,1.3,0.55,0.3,0.15,12.15,0.3918918918918919,5.8,0.0,0.5882352941176471,1,2.0,7.734244980031917,3.37880504452864,1.6016297085726756,0.7993882358016287,0.3867847274226418,12.404335126047746,-3.6342449800319176,-2.0788050445286403,-1.0516297085726756,-6.604335126047746,0,0,0,0,0,0,5.029411764705882,-0.9294117647058826,1.2941176470588236,0.00588235294117645,0.6176470588235294,-0.0676470588235294,6.911764705882353,-1.1117647058823534,13.764705882352942,-1.6147058823529417,-0.18119266055045877,-0.15855704697986583,-0.11646160373355964,0.0,42.0
grudasa01w,10,0,CON,WNBA,26,25,810,350,66,99,165,35,23,41,68,86,323,151,86,48,0,0,2,0,0,0,0,0,0,0,0,0,0,0,0,0,0,0,0,0,0,0,13.461538461538462,6.346153846153846,1.3461538461538465,0.8846153846153846,1.5769230769230769,31.153846153846157,0.4674922600619195,21.0,0.9615384615384616,0.4705882352941176,1,5.0,7.734244980031917,3.37880504452864,1.6016297085726756,0.7993882358016287,0.3867847274226418,12.404335126047746,5.727293481506544,2.9673488016252056,-0.2554758624188293,8.595664873952254,0,0,0,0,0,0,6.225806451612903,7.235732009925559,3.548387096774193,2.7977667493796528,0.9032258064516128,0.4429280397022337,10.806451612903226,10.193548387096774,15.35483870967742,15.799007444168737,1.1438434079943516,0.9346347234545992,1.0222693190758314,0.1860003621135631,5.0
hammobe01w,10,0,SAS,WNBA,31,31,1049,604,25,78,103,156,49,12,111,54,447,200,142,128,206,76,0,3,3,101,55,0,8,8,6,5,0,7,4,41,19,10,9,21,8,0,19.483870967741936,3.3225806451612905,5.032258064516129,1.5806451612903225,0.3870967741935484,33.83870967741935,0.4474272930648769,26.225806451612904,1.0,0.4411764705882353,1,4.0,7.734244980031917,3.37880504452864,1.6016297085726756,0.7993882358016287,0.3867847274226418,12.404335126047746,11.74962598771002,-0.0562243993673496,3.4306283559434534,13.821471325565158,0,0,0,0,0,0,17.636363636363637,1.8475073313782993,2.757575757575758,0.5650048875855327,4.878787878787879,0.1534701857282501,23.63636363636364,2.5894428152492637,33.36363636363637,0.47507331378298545,0.10416494436269241,0.10909180761295248,0.014196703210032163,0.0,43.0
hardili01w,10,0,WAS,WNBA,34,34,1194,435,24,111,135,154,43,13,101,68,375,163,119,89,62,20,1,2,2,81,21,1,4,5,8,3,0,10,6,26,10,1,1,3,0,0,12.794117647058824,3.9705882352941178,4.529411764705882,1.2647058823529411,0.3823529411764705,35.11764705882353,0.4346666666666666,19.97058823529412,1.0,0.4705882352941176,1,5.0,7.734244980031917,3.37880504452864,1.6016297085726756,0.7993882358016287,0.3867847274226418,12.404335126047746,5.059872667026907,0.5917831907654776,2.927782056133206,7.56625310924637,0,0,0,0,0,0,6.416666666666667,6.377450980392157,2.333333333333333,1.6372549019607847,3.1666666666666665,1.3627450980392157,10.916666666666666,9.053921568627453,24.625,10.492647058823529,0.9786369790883106,0.821838569013082,0.42437399631237727,0.48734351519353103,2.0
harpela01w,10,0,SAC,WNBA,33,11,460,150,54,59,113,20,13,22,42,65,116,45,82,60,0,0,1,0,0,0,0,0,0,0,0,0,0,0,0,0,0,0,0,0,0,0,4.545454545454546,3.4242424242424243,0.6060606060606061,0.3939393939393939,0.6666666666666666,13.93939393939394,0.3879310344827586,8.363636363636363,0.3333333333333333,0.3529411764705882,1,6.0,7.734244980031917,3.37880504452864,1.6016297085726756,0.7993882358016287,0.3867847274226418,12.404335126047746,-3.1887904345773714,0.0454373797137841,-0.9955691025120696,-4.040698762411383,0,0,0,0,0,0,5.529411764705882,-0.9839572192513364,4.029411764705882,-0.6051693404634579,0.3529411764705882,0.2531194295900179,9.529411764705882,-1.165775401069519,16.470588235294116,-2.5311942959001765,-0.1747886387384819,-0.1210640306547454,-0.1527522294295456,0.0,44.0
harrokr01w,10,0,LAS,WNBA,31,26,520,97,17,40,57,69,16,0,27,32,111,40,11,9,39,8,0,5,2,59,13,0,1,1,11,2,0,4,1,12,6,0,0,3,1,0,3.129032258064516,1.8387096774193548,2.225806451612903,0.5161290322580645,0.0,16.774193548387096,0.3603603603603603,6.838709677419355,0.8387096774193549,0.5294117647058824,1,3.0,7.734244980031917,3.37880504452864,1.6016297085726756,0.7993882358016287,0.3867847274226418,12.404335126047746,-4.605212721967401,-1.5400953671092854,0.6241767430402274,-5.565625448628391,0,0,0,0,0,0,4.588235294117647,-1.4592030360531307,2.411764705882353,-0.573055028462998,2.823529411764706,-0.597722960151803,9.382352941176473,-2.543643263757118,24.47058823529412,-7.696394686907023,-0.31124782450317723,-0.2682502201232692,-0.3132360777529791,0.0,45.0
haydeva01w,10,0,LAS,WNBA,25,1,269,94,27,40,67,6,4,22,19,49,95,39,25,16,0,0,0,1,0,2,0,0,0,0,0,0,0,0,0,0,0,0,0,0,0,0,3.76,2.68,0.24,0.16,0.88,10.76,0.4105263157894737,6.96,0.04,0.5294117647058824,1,3.0,7.734244980031917,3.37880504452864,1.6016297085726756,0.7993882358016287,0.3867847274226418,12.404335126047746,-3.9742449800319175,-0.69880504452864,-1.3616297085726756,-5.444335126047746,0,0,0,0,0,0,5.233333333333333,-1.4733333333333336,3.5,-0.8199999999999998,0.4,-0.16000000000000003,9.2,-2.2399999999999993,10.133333333333333,0.6266666666666669,-0.27625000000000005,-0.2408602150537634,0.061237785016286676,0.0,46.0
haynikr01w,10,1,DET,WNBA,20,2,161,44,5,20,25,11,14,0,10,14,40,17,9,7,13,3,0,0,0,0,0,0,0,0,0,0,0,0,0,0,0,0,0,0,0,0,2.2,1.25,0.55,0.7,0.0,8.05,0.425,4.2,0.1,0.5294117647058824,1,2.5,7.734244980031917,3.37880504452864,1.6016297085726756,0.7993882358016287,0.3867847274226418,12.404335126047746,-5.534244980031917,-2.12880504452864,-1.0516297085726756,-8.204335126047745,0,0,0,0,0,0,2.8484848484848486,-0.6484848484848484,1.696969696969697,-0.446969696969697,2.484848484848485,-1.9348484848484848,6.636363636363637,-2.4363636363636365,14.727272727272728,-6.677272727272728,-0.21993833504624868,-0.3616734143049933,-0.45033721643163704,0.0,47.0
hodgero01w,10,0,MIN,WNBA,33,27,902,328,20,79,99,64,21,15,36,54,276,115,33,30,171,68,0,0,0,0,0,0,0,0,0,0,0,0,0,0,0,0,0,0,0,0,9.93939393939394,3.0,1.9393939393939397,0.6363636363636364,0.4545454545454545,27.33333333333333,0.4166666666666667,14.87878787878788,0.8181818181818182,0.4117647058823529,1,5.0,7.734244980031917,3.37880504452864,1.6016297085726756,0.7993882358016287,0.3867847274226418,12.404335126047746,2.205148959362022,-0.3788050445286401,0.3377642308212638,2.4744527527401328,0,0,0,0,0,0,7.333333333333333,2.6060606060606064,2.0,1.0,1.2666666666666666,0.6727272727272731,10.4,4.47878787878788,18.266666666666666,9.066666666666663,0.3505911129229516,0.4265512265512267,0.49364791288566223,0.0025,9.0
hoffmeb01w,10,0,IND,WNBA,34,34,1005,338,56,143,199,52,57,12,82,106,313,122,77,69,72,25,3,10,10,295,119,11,37,48,8,11,5,18,38,85,47,22,19,15,6,0,9.941176470588236,5.852941176470588,1.5294117647058822,1.6764705882352942,0.3529411764705882,29.558823529411764,0.389776357827476,16.941176470588236,1.0,0.6470588235294118,1,1.0,7.734244980031917,3.37880504452864,1.6016297085726756,0.7993882358016287,0.3867847274226418,12.404335126047746,2.206931490556318,2.474136131941948,-0.0722179438667933,4.536841344540489,0,0,0,0,0,0,10.363636363636363,-0.4224598930481278,7.818181818181818,-1.9652406417112305,1.8484848484848484,-0.31907308377896615,19.848484848484848,-2.9073083778966122,30.696969696969692,-1.1381461675579274,-0.040374099248735064,-0.14574081189516663,-0.03695643366074152,0.0,48.0
holdsch01w,10,0,ATL,WNBA,25,25,708,348,29,80,109,56,34,7,74,60,319,132,93,78,30,6,0,1,0,13,3,2,1,3,0,0,0,3,2,4,1,1,1,1,0,0,13.92,4.36,2.24,1.36,0.28,28.32,0.4137931034482758,19.2,1.0,0.5294117647058824,1,2.5,7.734244980031917,3.37880504452864,1.6016297085726756,0.7993882358016287,0.3867847274226418,12.404335126047746,6.185755019968083,0.9811949554713602,0.6383702914273246,6.795664873952253,0,0,0,0,0,0,15.0,-1.08,6.08,-1.7199999999999998,2.24,0.0,22.76,-3.5600000000000023,29.56,-1.2399999999999984,-0.07152317880794702,-0.15573053368328968,-0.04180714767363447,0.0,49.0
holtam01w,10,0,CON,WNBA,23,7,380,137,13,61,74,44,9,2,14,39,123,40,53,44,50,13,0,0,0,0,0,0,0,0,0,0,0,0,0,0,0,0,0,0,0,0,5.956521739130435,3.217391304347826,1.9130434782608696,0.391304347826087,0.0869565217391304,16.52173913043478,0.3252032520325203,10.956521739130435,0.3043478260869565,0.4705882352941176,1,5.0,7.734244980031917,3.37880504452864,1.6016297085726756,0.7993882358016287,0.3867847274226418,12.404335126047746,-1.7777232409014827,-0.161413740180814,0.311413769688194,-1.4478133869173109,0,0,0,0,0,0,6.529411764705882,-0.5728900255754477,3.088235294117647,0.12915601023017897,1.911764705882353,0.0012787723785165905,11.205882352941176,-0.24936061381074026,21.0,-4.478260869565219,-0.08641641911963276,-0.022055829525403668,-0.212239851638162,0.0,50.0
hornbal01w,10,0,DET,WNBA,32,21,850,213,46,112,158,86,42,9,69,93,213,81,48,26,64,25,2,5,5,177,53,8,22,30,20,9,3,16,19,45,22,6,6,9,3,1,6.65625,4.9375,2.6875,1.3125,0.28125,26.5625,0.380281690140845,13.71875,0.65625,0.5294117647058824,1,2.5,7.734244980031917,3.37880504452864,1.6016297085726756,0.7993882358016287,0.3867847274226418,12.404335126047746,-1.0779949800319173,1.5586949554713598,1.0858702914273244,1.314414873952254,0,0,0,0,0,0,5.411764705882353,1.2444852941176467,4.0588235294117645,0.8786764705882355,2.088235294117647,0.5992647058823528,12.735294117647058,0.983455882352942,21.97058823529412,4.5919117647058805,0.22578708644610454,0.07662121906507799,0.20805570362473336,0.0,51.0
houstch01w,10,0,MIN,WNBA,34,33,792,445,44,142,186,59,43,21,64,107,376,175,99,72,69,23,2,0,0,0,0,0,0,0,0,0,0,0,0,0,0,0,0,0,0,0,13.088235294117649,5.470588235294118,1.7352941176470589,1.2647058823529411,0.6176470588235294,23.294117647058822,0.4654255319148936,20.294117647058822,0.9705882352941176,0.4117647058823529,1,5.0,7.734244980031917,3.37880504452864,1.6016297085726756,0.7993882358016287,0.3867847274226418,12.404335126047746,5.3539903140857295,2.0917831907654776,0.1336644090743832,7.889782521011076,0,0,0,0,0,0,8.848484848484848,4.239750445632801,3.696969696969697,1.773618538324421,0.8484848484848485,0.8868092691622104,13.030303030303031,7.263814616755791,17.606060606060606,5.688057040998217,0.4737953427222568,0.5532099754279739,0.32124915685938926,0.019933981867281486,7.0
humphta01w,10,2,MIN,WNBA,19,4,340,150,9,50,59,8,12,6,14,54,138,55,26,21,59,19,0,0,0,0,0,0,0,0,0,0,0,0,0,0,0,0,0,0,0,0,7.894736842105263,3.1052631578947367,0.4210526315789473,0.631578947368421,0.3157894736842105,17.894736842105264,0.3985507246376811,11.63157894736842,0.2105263157894736,0.4117647058823529,1,5.0,7.734244980031917,3.37880504452864,1.6016297085726756,0.7993882358016287,0.3867847274226418,12.404335126047746,0.1604918620733455,-0.2735418866339034,-1.1805770769937285,-0.7727561786793249,0,0,0,0,0,0,7.272727272727272,0.6220095693779912,2.863636363636364,0.24162679425837252,1.0,-0.5789473684210527,10.909090909090908,0.7224880382775112,13.5,4.394736842105264,0.0843662794470765,0.06562649398061622,0.3231424148606812,0.0,52.0
jacksla01w,10,0,SEA,WNBA,26,26,843,499,48,134,182,22,38,45,43,97,363,168,143,114,114,49,2,0,0,0,0,0,0,0,0,0,0,0,0,0,0,0,0,0,0,0,19.192307692307693,7.0,0.8461538461538461,1.4615384615384617,1.7307692307692308,32.42307692307692,0.4628099173553719,28.57692307692308,1.0,0.5882352941176471,1,2.0,7.734244980031917,3.37880504452864,1.6016297085726756,0.7993882358016287,0.3867847274226418,12.404335126047746,11.458062712275776,3.62119495547136,-0.7554758624188295,16.172587950875332,0,0,0,0,0,0,20.23809523809524,-1.0457875457875474,7.0,0.0,1.238095238095238,-0.39194139194139177,29.61904761904762,-1.0421245421245402,33.04761904761905,-0.6245421245421312,-0.051420132197467786,-0.0350658794818384,-0.01884123633872253,0.0,53.0
jacksti02w,10,0,NYL,WNBA,34,9,495,180,35,81,116,24,21,13,43,55,149,67,64,46,0,0,0,0,0,0,0,0,0,0,0,0,0,0,0,0,0,0,0,0,0,0,5.294117647058823,3.411764705882353,0.7058823529411765,0.6176470588235294,0.3823529411764705,14.558823529411764,0.4496644295302013,9.147058823529411,0.2647058823529412,0.3823529411764705,1,7.0,7.734244980031917,3.37880504452864,1.6016297085726756,0.7993882358016287,0.3867847274226418,12.404335126047746,-2.440127332973094,0.0329596613537126,-0.8957473556314991,-3.257276302518335,0,0,0,0,0,0,8.32,-3.025882352941177,5.72,-2.308235294117647,1.04,-0.3341176470588235,14.44,-5.292941176470588,19.84,-5.281176470588235,-0.35936845046807325,-0.36402621571324545,-0.26485338368045314,0.0,54.0
johnssh01w,10,0,SEA,WNBA,34,6,618,137,14,48,62,52,27,7,52,56,107,36,55,47,61,18,0,3,0,39,7,0,5,5,3,3,0,6,8,9,3,0,0,5,1,1,4.029411764705882,1.8235294117647056,1.5294117647058822,0.7941176470588235,0.2058823529411764,18.176470588235293,0.3364485981308411,6.852941176470588,0.1764705882352941,0.5882352941176471,1,2.0,7.734244980031917,3.37880504452864,1.6016297085726756,0.7993882358016287,0.3867847274226418,12.404335126047746,-3.704833215326035,-1.5552756327639343,-0.0722179438667933,-5.551393949577158,0,0,0,0,0,0,7.666666666666667,-3.6372549019607847,3.242424242424242,-1.4188948306595366,5.090909090909091,-3.5614973262032086,15.484848484848484,-8.631907308377897,30.727272727272727,-12.550802139037433,-0.46831608179752593,-0.5538653338060872,-0.40713306850313113,0.0,55.0
johnste01w,10,0,PHO,WNBA,34,34,901,328,8,112,120,157,29,4,76,79,281,125,50,42,87,36,1,11,11,267,83,4,17,21,34,8,2,17,27,76,30,12,10,27,13,0,9.647058823529411,3.5294117647058822,4.617647058823529,0.8529411764705882,0.1176470588235294,26.5,0.4448398576512455,16.529411764705884,1.0,0.6764705882352942,1,1.0,7.734244980031917,3.37880504452864,1.6016297085726756,0.7993882358016287,0.3867847274226418,12.404335126047746,1.912813843497494,0.150606720177242,3.0160173502508534,4.125076638658138,0,0,0,0,0,0,4.173913043478261,5.4731457800511505,1.8695652173913044,1.6598465473145778,3.0869565217391304,1.5306905370843986,8.652173913043478,7.8772378516624055,17.08695652173913,9.413043478260871,1.2805936209682245,0.9000321440051432,0.5476853023020491,0.6877273627979544,1.0
johnsvi01w,10,0,SAS,WNBA,32,32,737,204,23,85,108,77,16,4,39,40,185,80,27,23,56,21,0,3,3,90,46,3,6,9,14,5,0,3,6,25,18,6,5,7,5,0,6.375,3.375,2.40625,0.5,0.125,23.03125,0.4324324324324324,11.5625,1.0,0.4411764705882353,1,4.0,7.734244980031917,3.37880504452864,1.6016297085726756,0.7993882358016287,0.3867847274226418,12.404335126047746,-1.3592449800319173,-0.0038050445286401,0.8046202914273244,-0.8418351260477461,0,0,0,0,0,0,6.65625,-0.28125,5.28125,-1.90625,3.59375,-1.1875,14.96875,-3.40625,27.875,-4.84375,-0.041628122109158186,-0.226047283284944,-0.1731456657730116,0.0,56.0
jonesas01w,10,0,CON,WNBA,23,23,727,384,43,93,136,56,20,13,49,79,339,159,80,61,16,5,1,0,0,0,0,0,0,0,0,0,0,0,0,0,0,0,0,0,0,0,16.695652173913043,5.913043478260869,2.4347826086956523,0.8695652173913043,0.5652173913043478,31.608695652173918,0.4690265486725664,24.347826086956523,1.0,0.4705882352941176,1,5.0,7.734244980031917,3.37880504452864,1.6016297085726756,0.7993882358016287,0.3867847274226418,12.404335126047746,8.961407193881126,2.534238433732229,0.8331529001229767,11.943490960908775,0,0,0,0,0,0,17.0,-0.304347826086957,6.090909090909091,-0.17786561264822165,2.4545454545454546,-0.019762845849802257,24.696969696969692,-0.3491436100131686,29.181818181818183,2.426877470355734,-0.017798118484617365,-0.01408009181282484,0.0828800129584386,0.0,57.0
kellycr01w,10,2,DET,WNBA,11,0,84,31,6,8,14,4,4,1,11,16,22,8,18,15,0,0,0,3,0,15,4,0,2,2,2,0,0,0,2,0,0,4,4,0,0,0,2.8181818181818183,1.2727272727272727,0.3636363636363636,0.3636363636363636,0.0909090909090909,7.636363636363637,0.3636363636363636,3.909090909090909,0.0,0.5294117647058824,1,2.5,7.734244980031917,3.37880504452864,1.6016297085726756,0.7993882358016287,0.3867847274226418,12.404335126047746,-4.916063161850099,-2.106077771801368,-1.237993344936312,-8.495244216956838,0,0,0,0,0,0,7.363636363636363,-4.545454545454545,3.303030303030303,-2.0303030303030303,0.4545454545454545,-0.09090909090909088,10.575757575757576,-6.666666666666667,16.696969696969695,-9.060606060606059,-0.6090133982947624,-0.6244677831393699,-0.5394190871369293,0.0,58.0
kellycr01w,10,1,SAC,WNBA,23,4,283,98,20,19,39,8,7,2,22,40,57,25,57,48,1,0,0,0,0,0,0,0,0,0,0,0,0,0,0,0,0,0,0,0,0,0,4.260869565217392,1.6956521739130437,0.3478260869565217,0.3043478260869565,0.0869565217391304,12.304347826086955,0.4385964912280701,5.739130434782608,0.1739130434782608,0.3529411764705882,1,6.0,7.734244980031917,3.37880504452864,1.6016297085726756,0.7993882358016287,0.3867847274226418,12.404335126047746,-3.4733754148145257,-1.6831528706155967,-1.253803621616154,-6.665204691265138,0,0,0,0,0,0,2.8181818181818183,1.4426877470355732,1.2727272727272727,0.422924901185771,0.3636363636363636,-0.015810276679841917,3.909090909090909,1.8300395256916993,7.636363636363637,4.6679841897233185,0.4943789787349316,0.45647244405008375,0.6033822101875029,0.0,59.0
kraayca01w,10,0,NYL,WNBA,34,26,888,307,32,123,155,32,22,13,66,76,264,105,49,37,144,60,0,0,0,0,0,0,0,0,0,0,0,0,0,0,0,0,0,0,0,0,9.029411764705882,4.5588235294117645,0.9411764705882352,0.6470588235294118,0.3823529411764705,26.11764705882353,0.3977272727272727,13.617647058823527,0.7647058823529411,0.3823529411764705,1,7.0,7.734244980031917,3.37880504452864,1.6016297085726756,0.7993882358016287,0.3867847274226418,12.404335126047746,1.295166784673965,1.1800184848831243,-0.6604532379844403,1.2133119327757829,0,0,0,0,0,0,9.588235294117649,-0.5588235294117663,6.147058823529412,-1.5882352941176476,1.4411764705882353,-0.5000000000000001,17.147058823529413,-3.529411764705886,28.264705882352946,-2.1470588235294166,-0.05768063145112341,-0.20463847203274232,-0.07569473247615113,0.0,60.0
lacyje01w,10,0,ATL,WNBA,32,0,362,96,32,38,70,9,9,7,24,57,107,35,33,22,19,4,0,2,0,23,2,1,1,2,0,0,0,0,3,5,0,4,2,2,0,0,3.0,2.1875,0.28125,0.28125,0.21875,11.3125,0.3271028037383177,5.21875,0.0,0.5294117647058824,1,2.5,7.734244980031917,3.37880504452864,1.6016297085726756,0.7993882358016287,0.3867847274226418,12.404335126047746,-4.734244980031917,-1.1913050445286402,-1.3203797085726756,-7.185585126047746,0,0,0,0,0,0,5.727272727272728,-2.7272727272727284,2.696969696969697,-0.5094696969696968,0.8181818181818182,-0.5369318181818182,8.848484848484848,-3.6297348484848477,18.33333333333333,-7.020833333333329,-0.4680187207488301,-0.40562563494751097,-0.3808770343580468,0.0,61.0
langhcr01w,10,0,WAS,WNBA,34,22,1013,408,101,167,268,29,34,13,76,74,284,163,119,82,2,0,0,2,2,79,33,5,15,20,1,1,1,6,6,20,14,8,5,0,0,0,12.0,7.882352941176471,0.8529411764705882,1.0,0.3823529411764705,29.794117647058822,0.573943661971831,19.88235294117647,0.6470588235294118,0.4705882352941176,1,5.0,7.734244980031917,3.37880504452864,1.6016297085726756,0.7993882358016287,0.3867847274226418,12.404335126047746,4.265755019968083,4.503547896647831,-0.7486885321020874,7.478017815128725,0,0,0,0,1,0,4.823529411764706,7.176470588235294,4.0,3.882352941176471,0.4411764705882353,0.4117647058823529,8.823529411764707,11.058823529411764,15.558823529411764,14.235294117647058,1.4575866188769417,1.2392880685563612,0.9090909090909091,0.2928858623346528,3.0
larkier01w,10,0,NYL,WNBA,18,0,137,44,11,20,31,8,9,4,16,19,33,14,23,16,0,0,0,0,0,0,0,0,0,0,0,0,0,0,0,0,0,0,0,0,0,0,2.4444444444444446,1.7222222222222223,0.4444444444444444,0.5,0.2222222222222222,7.611111111111111,0.4242424242424242,4.444444444444445,0.0,0.3823529411764705,1,7.0,7.734244980031917,3.37880504452864,1.6016297085726756,0.7993882358016287,0.3867847274226418,12.404335126047746,-5.289800535587473,-1.6565828223064178,-1.1571852641282312,-7.959890681603301,0,0,0,0,0,0,4.777777777777778,-2.333333333333333,2.703703703703704,-0.9814814814814818,0.6666666666666666,-0.2222222222222222,7.481481481481482,-3.037037037037037,12.407407407407408,-4.796296296296298,-0.47835990888382685,-0.4005862237420616,-0.38347645839502525,0.0,62.0
lattaiv01w,10,0,ATL,WNBA,24,0,350,146,3,13,16,34,13,1,26,32,110,45,46,38,50,18,0,2,2,75,27,2,2,4,5,1,0,3,5,20,8,9,8,9,3,0,6.083333333333333,0.6666666666666666,1.4166666666666667,0.5416666666666666,0.0416666666666666,14.583333333333334,0.4090909090909091,7.666666666666667,0.0,0.5294117647058824,1,2.5,7.734244980031917,3.37880504452864,1.6016297085726756,0.7993882358016287,0.3867847274226418,12.404335126047746,-1.6509116466985845,-2.7121383778619736,-0.1849630419060088,-4.737668459381079,0,0,0,0,0,0,11.411764705882351,-5.328431372549018,2.117647058823529,-1.4509803921568625,3.6176470588235294,-2.200980392156863,16.705882352941178,-9.03921568627451,28.235294117647054,-13.65196078431372,-0.4628683358882643,-0.5378602263446505,-0.48180056743477945,0.0,63.0
lawsoed01w,10,0,SAS,WNBA,33,12,583,172,9,57,66,74,29,1,29,53,151,58,18,15,113,41,0,3,3,75,32,4,5,9,6,2,0,3,6,18,12,0,0,13,8,0,5.212121212121212,2.0,2.242424242424242,0.8787878787878788,0.0303030303030303,17.666666666666668,0.3841059602649007,9.484848484848484,0.3636363636363636,0.4411764705882353,1,4.0,7.734244980031917,3.37880504452864,1.6016297085726756,0.7993882358016287,0.3867847274226418,12.404335126047746,-2.5221237679107054,-1.3788050445286402,0.6407945338515666,-2.9194866411992617,0,0,0,0,0,0,3.333333333333333,1.878787878787879,1.0333333333333334,0.9666666666666666,0.8666666666666667,1.3757575757575755,4.8,4.684848484848485,9.333333333333334,8.333333333333334,0.5472197705207414,0.956091527520099,0.88339222614841,0.0,64.0
lawsoka01w,10,0,SAC,WNBA,25,5,604,220,11,42,53,63,16,1,35,24,200,76,33,31,110,37,0,0,0,0,0,0,0,0,0,0,0,0,0,0,0,0,0,0,0,0,8.8,2.12,2.52,0.64,0.04,24.16,0.38,12.72,0.2,0.3529411764705882,1,6.0,7.734244980031917,3.37880504452864,1.6016297085726756,0.7993882358016287,0.3867847274226418,12.404335126047746,1.0657550199680834,-1.25880504452864,0.9183702914273244,0.3156648739522545,0,0,0,0,0,0,12.21875,-3.4187499999999993,2.5625,-0.4424999999999999,2.09375,0.42625,16.3125,-3.5924999999999994,25.90625,-1.7462499999999999,-0.2775240994419076,-0.21888804265041883,-0.06714732035568372,0.0,65.0
lennobe01w,10,0,LAS,WNBA,30,13,640,306,33,103,136,54,26,4,70,70,268,111,66,59,83,25,0,6,0,128,74,2,16,18,9,5,0,11,11,58,24,15,15,25,11,0,10.2,4.533333333333333,1.8,0.8666666666666667,0.1333333333333333,21.33333333333333,0.4141791044776119,15.2,0.4333333333333333,0.5294117647058824,1,3.0,7.734244980031917,3.37880504452864,1.6016297085726756,0.7993882358016287,0.3867847274226418,12.404335126047746,2.465755019968082,1.154528288804693,0.1983702914273244,2.795664873952253,0,0,0,0,0,0,17.5,-7.300000000000001,4.205882352941177,0.3274509803921566,2.3823529411764706,-0.5823529411764705,22.147058823529413,-6.947058823529414,29.705882352941178,-8.372549019607849,-0.4147727272727273,-0.31226864093072454,-0.28090257219919756,0.0,66.0
leslili01w,10,0,LAS,WNBA,23,21,638,354,56,95,151,49,16,33,59,75,278,144,90,65,6,1,1,6,6,208,100,19,36,55,12,8,9,13,26,84,38,39,24,0,0,1,15.391304347826088,6.565217391304348,2.130434782608696,0.6956521739130435,1.434782608695652,27.73913043478261,0.5179856115107914,23.65217391304348,0.9130434782608696,0.5294117647058824,1,3.0,7.734244980031917,3.37880504452864,1.6016297085726756,0.7993882358016287,0.3867847274226418,12.404335126047746,7.65705936779417,3.1864123467757075,0.5288050740360202,11.24783878699573,0,0,0,0,0,0,15.06060606060606,0.33069828722002725,8.878787878787879,-2.3135704874835312,2.4242424242424243,-0.2938076416337285,27.181818181818183,-3.529644268774703,32.09090909090909,-4.351778656126484,0.02181299915702758,-0.12937716413369454,-0.1351865722038727,0.0,67.0
littlca01w,10,0,SEA,WNBA,34,34,1044,341,75,147,222,35,39,13,67,118,263,124,126,86,27,7,1,3,3,102,23,1,9,10,3,2,2,4,14,25,10,2,2,6,1,0,10.029411764705882,6.529411764705882,1.0294117647058822,1.1470588235294117,0.3823529411764705,30.705882352941178,0.4714828897338403,17.147058823529413,1.0,0.5882352941176471,1,2.0,7.734244980031917,3.37880504452864,1.6016297085726756,0.7993882358016287,0.3867847274226418,12.404335126047746,2.295166784673965,3.150606720177242,-0.5722179438667934,4.742723697481667,0,0,0,0,0,0,9.736842105263158,0.2925696594427247,4.368421052631579,2.1609907120743035,1.4210526315789471,-0.3916408668730649,14.578947368421051,2.5681114551083617,23.26315789473684,7.442724458204339,0.02974223397224061,0.1749520173792,0.3185667148138825,0.0,68.0
lyttlsa01w,10,0,ATL,WNBA,34,31,931,443,72,182,254,51,68,22,64,105,363,184,101,75,1,0,2,2,2,51,17,3,7,10,4,4,0,4,8,17,7,7,3,1,0,0,13.029411764705882,7.470588235294118,1.5,2.0,0.6470588235294118,27.38235294117647,0.5068870523415978,22.764705882352946,0.9117647058823528,0.5294117647058824,1,2.5,7.734244980031917,3.37880504452864,1.6016297085726756,0.7993882358016287,0.3867847274226418,12.404335126047746,5.295166784673965,4.091783190765478,-0.1016297085726756,10.360370756305196,0,0,0,0,0,0,8.222222222222221,4.807189542483661,6.222222222222222,1.2483660130718954,0.8888888888888888,0.6111111111111112,16.703703703703702,6.061002178649243,18.11111111111111,9.27124183006536,0.5776329223278098,0.3606944210348899,0.5090980870688727,0.019943993966430085,6.0
maigaha01w,10,0,SAC,WNBA,34,5,676,303,34,55,89,37,31,8,52,76,255,124,77,55,1,0,0,0,0,0,0,0,0,0,0,0,0,0,0,0,0,0,0,0,0,0,8.911764705882353,2.617647058823529,1.088235294117647,0.9117647058823528,0.2352941176470588,19.88235294117647,0.4862745098039215,12.235294117647058,0.1470588235294117,0.3529411764705882,1,6.0,7.734244980031917,3.37880504452864,1.6016297085726756,0.7993882358016287,0.3867847274226418,12.404335126047746,1.177519725850436,-0.7611579857051107,-0.5133944144550286,-0.1690410084006881,0,0,0,0,0,0,7.769230769230769,1.142533936651584,3.269230769230769,-0.6515837104072402,1.5,-0.41176470588235303,11.923076923076923,0.31221719457013464,22.692307692307693,-2.8099547511312224,0.14519004082571452,0.02596816077678663,-0.12328522364058686,0.0,69.0
mannkr01w,10,0,WAS,WNBA,16,0,95,25,2,12,14,6,3,0,3,9,28,10,1,1,18,4,0,1,0,8,3,1,0,1,0,0,0,1,1,2,1,0,0,2,1,0,1.5625,0.875,0.375,0.1875,0.0,5.9375,0.3571428571428571,2.8125,0.0,0.4705882352941176,1,5.0,7.734244980031917,3.37880504452864,1.6016297085726756,0.7993882358016287,0.3867847274226418,12.404335126047746,-6.171744980031917,-2.50380504452864,-1.2266297085726756,-9.591835126047746,0,0,0,0,0,0,3.4615384615384617,-1.8990384615384617,1.4615384615384617,-0.5865384615384617,1.0769230769230769,-0.7019230769230769,5.846153846153846,-3.033653846153846,17.153846153846153,-11.216346153846153,-0.533207343412527,-0.5101875808538163,-0.6500780205082478,0.0,70.0
mazzake01w,10,0,PHO,WNBA,31,2,433,106,7,33,40,17,10,3,10,42,99,36,3,3,88,31,0,4,0,14,0,0,2,2,0,0,0,1,0,2,0,0,0,1,0,0,3.419354838709677,1.2903225806451613,0.5483870967741935,0.3225806451612903,0.0967741935483871,13.96774193548387,0.3636363636363636,5.354838709677419,0.064516129032258,0.6764705882352942,1,1.0,7.734244980031917,3.37880504452864,1.6016297085726756,0.7993882358016287,0.3867847274226418,12.404335126047746,-4.314890141322239,-2.088482463883479,-1.053242611798482,-7.049496416370327,0,0,0,0,0,0,5.794117647058823,-2.3747628083491463,1.9411764705882355,-0.6508538899430742,1.1176470588235294,-0.5692599620493359,9.088235294117649,-3.7333965844402295,18.852941176470587,-4.885199240986717,-0.4029038696799949,-0.40632357193011454,-0.2577541498968783,0.0,71.0
mccarja01w,10,0,NYL,WNBA,32,32,848,393,63,112,175,88,41,44,86,79,301,151,107,90,3,1,1,0,0,0,0,0,0,0,0,0,0,0,0,0,0,0,0,0,0,0,12.28125,5.46875,2.75,1.28125,1.375,26.5,0.5016611295681063,20.46875,1.0,0.3823529411764705,1,7.0,7.734244980031917,3.37880504452864,1.6016297085726756,0.7993882358016287,0.3867847274226418,12.404335126047746,4.547005019968083,2.08994495547136,1.1483702914273244,8.064414873952254,0,0,0,0,0,0,13.709677419354838,-1.428427419354838,5.419354838709677,0.04939516129032295,2.129032258064516,0.620967741935484,21.387096774193548,-0.918346774193548,26.32258064516129,0.17741935483871174,-0.10343669703340337,-0.042739453535505165,0.006714686851422371,0.0,72.0
mcwilta01w,10,0,DET,WNBA,34,34,1032,332,65,160,225,98,33,16,66,86,283,139,68,51,15,3,0,5,5,134,38,6,16,22,9,5,2,13,18,28,18,2,1,1,1,0,9.764705882352942,6.617647058823529,2.8823529411764706,0.9705882352941176,0.4705882352941176,30.352941176470587,0.4911660777385159,18.764705882352946,1.0,0.5294117647058824,1,2.5,7.734244980031917,3.37880504452864,1.6016297085726756,0.7993882358016287,0.3867847274226418,12.404335126047746,2.0304609023210247,3.238842014294889,1.280723232603795,6.360370756305196,0,0,0,0,0,0,13.346153846153848,-3.5814479638009065,7.346153846153846,-0.7285067873303168,1.5769230769230769,1.3054298642533937,22.03846153846154,-3.2737556561085945,33.15384615384615,-2.8009049773755663,-0.26635482568313373,-0.1478763847443076,-0.08422800070756965,0.0,73.0
melvich01w,10,0,WAS,WNBA,34,33,756,201,79,79,158,36,34,29,50,101,188,84,61,33,1,0,0,2,2,45,17,2,4,6,4,2,1,7,10,12,7,3,3,0,0,1,5.911764705882353,4.647058823529412,1.0588235294117647,1.0,0.8529411764705882,22.235294117647054,0.4468085106382978,12.0,0.9705882352941176,0.4705882352941176,1,5.0,7.734244980031917,3.37880504452864,1.6016297085726756,0.7993882358016287,0.3867847274226418,12.404335126047746,-1.822480274149564,1.268253779000772,-0.5428061791609109,-0.4043351260477461,0,0,0,0,0,0,8.176470588235293,-2.2647058823529402,5.0588235294117645,-0.41176470588235237,1.4705882352941178,-0.41176470588235303,14.470588235294118,-2.4705882352941178,22.323529411764707,-0.08823529411765207,-0.2736318407960198,-0.16955995155429957,-0.00393494228751334,0.0,74.0
milleco01w,10,0,ATL,WNBA,34,5,407,131,20,30,50,33,12,2,31,37,122,50,26,23,27,8,0,2,0,13,7,0,0,0,2,0,0,1,0,5,3,0,0,1,1,0,3.852941176470588,1.4705882352941178,0.9705882352941176,0.3529411764705882,0.0588235294117647,11.970588235294118,0.4098360655737705,5.794117647058823,0.1470588235294117,0.5294117647058824,1,2.5,7.734244980031917,3.37880504452864,1.6016297085726756,0.7993882358016287,0.3867847274226418,12.404335126047746,-3.881303803561329,-1.9082168092345224,-0.631041473278558,-6.610217478988923,0,0,0,0,0,0,5.264705882352941,-1.4117647058823533,2.5,-1.0294117647058822,1.3823529411764706,-0.4117647058823529,8.352941176470589,-2.5588235294117654,20.88235294117647,-8.911764705882353,-0.2631578947368422,-0.30271398747390404,-0.424726661059714,0.0,75.0
milleke01w,10,0,MIN,WNBA,34,25,675,150,19,55,74,67,24,2,50,56,149,54,22,20,66,22,0,0,0,0,0,0,0,0,0,0,0,0,0,0,0,0,0,0,0,0,4.411764705882353,2.176470588235294,1.9705882352941175,0.7058823529411765,0.0588235294117647,19.852941176470587,0.3624161073825503,7.852941176470588,0.7352941176470589,0.4117647058823529,1,5.0,7.734244980031917,3.37880504452864,1.6016297085726756,0.7993882358016287,0.3867847274226418,12.404335126047746,-3.322480274149564,-1.2023344562933462,0.3689585267214421,-4.551393949577158,0,0,0,0,0,0,8.323529411764707,-3.9117647058823533,4.352941176470588,-2.176470588235294,3.9705882352941178,-2.0,14.941176470588236,-7.088235294117648,27.794117647058822,-7.9411764705882355,-0.4643854748603352,-0.47125537739538526,-0.2846900042176297,0.0,76.0
miltode01w,10,0,LAS,WNBA,33,33,1043,338,51,106,157,71,41,8,74,84,322,129,74,56,82,24,1,6,6,190,54,16,19,35,15,10,1,13,14,57,20,16,10,13,4,0,10.242424242424242,4.757575757575758,2.1515151515151514,1.2424242424242424,0.2424242424242424,31.60606060606061,0.4006211180124223,16.393939393939394,1.0,0.5294117647058824,1,3.0,7.734244980031917,3.37880504452864,1.6016297085726756,0.7993882358016287,0.3867847274226418,12.404335126047746,2.508179262392325,1.3787707130471176,0.5498854429424758,3.989604267891648,0,0,0,0,0,0,13.903225806451612,-3.66080156402737,6.32258064516129,-1.5650048875855322,2.3548387096774195,-0.2033235581622681,21.06451612903226,-4.670576735092865,32.774193548387096,-1.168132942326487,-0.2614255896909663,-0.22067958967821796,-0.0355334326485341,0.0,77.0
mitchle01w,10,0,NYL,WNBA,34,2,436,80,8,33,41,76,9,2,26,46,100,30,6,6,52,14,0,0,0,0,0,0,0,0,0,0,0,0,0,0,0,0,0,0,0,0,2.3529411764705883,1.2058823529411764,2.235294117647059,0.2647058823529412,0.0588235294117647,12.823529411764708,0.3,5.352941176470588,0.0588235294117647,0.3823529411764705,1,7.0,7.734244980031917,3.37880504452864,1.6016297085726756,0.7993882358016287,0.3867847274226418,12.404335126047746,-5.3813038035613285,-2.1729226915874635,0.6336644090743833,-7.051393949577158,0,0,0,0,0,0,3.852941176470588,-1.4999999999999996,1.6764705882352942,-0.47058823529411775,2.8529411764705883,-0.6176470588235294,7.823529411764706,-2.4705882352941178,15.235294117647058,-2.4117647058823497,-0.37946428571428564,-0.311804008908686,-0.15726889144610642,0.0,78.0
mooreje01w,10,0,IND,WNBA,31,9,613,148,40,56,96,14,19,6,32,85,121,57,46,34,1,0,0,10,0,120,22,9,8,17,3,5,2,3,24,24,8,8,6,0,0,1,4.774193548387097,3.096774193548387,0.4516129032258064,0.6129032258064516,0.1935483870967742,19.774193548387096,0.4710743801652892,8.096774193548388,0.2903225806451613,0.6470588235294118,1,1.0,7.734244980031917,3.37880504452864,1.6016297085726756,0.7993882358016287,0.3867847274226418,12.404335126047746,-2.9600514316448203,-0.2820308509802531,-1.1500168053468691,-4.307560932499358,0,0,0,0,0,0,1.3928571428571428,3.381336405529954,1.6071428571428572,1.4896313364055298,0.6071428571428571,-0.1555299539170507,3.321428571428572,4.775345622119816,11.035714285714286,8.73847926267281,2.2650100324124094,1.3957168832918039,0.784725527116224,0.0,79.0
moorelo01w,10,0,NYL,WNBA,34,32,941,215,19,106,125,133,66,2,78,55,233,78,48,33,100,26,0,0,0,0,0,0,0,0,0,0,0,0,0,0,0,0,0,0,0,0,6.323529411764706,3.676470588235294,3.911764705882353,1.9411764705882355,0.0588235294117647,27.676470588235293,0.334763948497854,13.617647058823527,0.9411764705882352,0.3823529411764705,1,7.0,7.734244980031917,3.37880504452864,1.6016297085726756,0.7993882358016287,0.3867847274226418,12.404335126047746,-1.4107155682672117,0.2976655437066537,2.310134997309677,1.2133119327757829,0,0,0,0,0,0,5.310344827586207,1.0131845841784983,3.8620689655172415,-0.1855983772819476,4.551724137931035,-0.6399594320486819,12.724137931034482,0.893509127789045,27.89655172413793,-0.22008113590263534,0.18726802384433686,0.06967401104028585,-0.007861008672467576,0.0,80.0
mosbybe01w,10,0,WAS,WNBA,24,0,169,46,15,22,37,3,8,1,16,29,47,17,14,12,1,0,1,0,0,0,0,0,0,0,0,0,0,0,0,0,0,0,0,0,0,0,1.9166666666666667,1.5416666666666667,0.125,0.3333333333333333,0.0416666666666666,7.041666666666667,0.3617021276595745,3.2916666666666665,0.0,0.4705882352941176,1,5.0,7.734244980031917,3.37880504452864,1.6016297085726756,0.7993882358016287,0.3867847274226418,12.404335126047746,-5.81757831336525,-1.8371383778619732,-1.4766297085726756,-9.11266845938108,0,0,0,0,0,0,2.0,-0.08333333333333326,2.208333333333333,-0.6666666666666663,0.0833333333333333,0.0416666666666667,4.166666666666667,-0.8750000000000004,7.625,-0.583333333333333,-0.039682539682539646,-0.2050781250000001,-0.07551240560949295,0.0,81.0
murphsh01w,10,0,IND,WNBA,24,0,186,100,23,19,42,10,6,2,9,30,89,34,26,21,32,11,0,4,0,9,0,1,1,2,1,0,0,0,2,5,0,0,0,2,0,0,4.166666666666667,1.75,0.4166666666666667,0.25,0.0833333333333333,7.75,0.3820224719101123,6.291666666666667,0.0,0.6470588235294118,1,1.0,7.734244980031917,3.37880504452864,1.6016297085726756,0.7993882358016287,0.3867847274226418,12.404335126047746,-3.5675783133652503,-1.6288050445286402,-1.1849630419060089,-6.112668459381079,0,0,0,0,0,0,2.5384615384615383,1.6282051282051286,1.6153846153846154,0.13461538461538458,0.5384615384615384,-0.12179487179487175,4.615384615384615,1.676282051282052,9.384615384615383,-1.6346153846153832,0.6171039844509234,0.3554921152800437,-0.17234387672343865,0.0,82.0
newtoch01w,10,0,SAC,WNBA,23,0,336,68,10,20,30,39,18,3,16,31,70,26,18,12,12,4,0,0,0,0,0,0,0,0,0,0,0,0,0,0,0,0,0,0,0,0,2.9565217391304346,1.3043478260869563,1.6956521739130437,0.782608695652174,0.1304347826086956,14.608695652173912,0.3714285714285714,6.173913043478261,0.0,0.3529411764705882,1,6.0,7.734244980031917,3.37880504452864,1.6016297085726756,0.7993882358016287,0.3867847274226418,12.404335126047746,-4.777723240901483,-2.074457218441684,0.0940224653403678,-6.230422082569485,0,0,0,0,0,0,4.5,-1.5434782608695654,1.3461538461538465,-0.04180602006689016,1.0769230769230769,0.6187290969899668,7.153846153846154,-0.9799331103678934,15.115384615384617,-0.5066889632107046,-0.33553875236294906,-0.1350915210475357,-0.03330109464984408,0.0,83.0
nolande01w,10,0,DET,WNBA,33,33,1113,559,36,105,141,116,44,10,73,91,525,214,116,91,123,40,1,5,5,190,108,5,3,8,16,9,2,18,18,98,39,23,21,28,9,0,16.939393939393938,4.2727272727272725,3.515151515151515,1.3333333333333333,0.303030303030303,33.72727272727273,0.4076190476190476,24.151515151515152,1.0,0.5294117647058824,1,2.5,7.734244980031917,3.37880504452864,1.6016297085726756,0.7993882358016287,0.3867847274226418,12.404335126047746,9.20514895936202,0.8939222281986323,1.9135218065788395,11.747180025467406,0,0,0,0,0,0,15.823529411764708,1.1158645276292294,3.911764705882353,0.3609625668449197,4.411764705882353,-0.8966131907308381,23.529411764705884,0.6221033868092682,33.64705882352941,0.08021390374331361,0.0700764572208973,0.026327502055657353,0.0023769153976578895,0.0,84.0
ohldeni01w,10,0,PHO,WNBA,21,0,311,109,19,40,59,6,5,20,29,55,71,38,46,33,0,0,1,11,0,150,29,9,21,30,4,4,3,10,21,22,14,5,1,0,0,0,5.190476190476191,2.8095238095238093,0.2857142857142857,0.238095238095238,0.9523809523809524,14.80952380952381,0.5352112676056338,8.095238095238095,0.0,0.6764705882352942,1,1.0,7.734244980031917,3.37880504452864,1.6016297085726756,0.7993882358016287,0.3867847274226418,12.404335126047746,-2.5437687895557266,-0.5692812350048309,-1.31591542285839,-4.309097030809651,0,0,0,0,0,0,5.794117647058823,-0.6036414565826327,3.294117647058824,-0.4845938375350145,1.3235294117647058,-1.03781512605042,9.882352941176473,-1.7871148459383779,16.441176470588236,-1.6316526610644253,-0.10241421918068619,-0.17902741532676736,-0.0986418749576644,0.0,85.0
parkeca01w,10,0,LAS,WNBA,25,24,815,328,60,184,244,64,15,53,55,53,270,131,80,61,24,5,1,6,6,211,108,21,43,64,10,5,11,10,23,71,38,44,31,4,1,1,13.12,9.76,2.56,0.6,2.12,32.6,0.4851851851851851,25.96,0.96,0.5294117647058824,1,3.0,7.734244980031917,3.37880504452864,1.6016297085726756,0.7993882358016287,0.3867847274226418,12.404335126047746,5.385755019968082,6.38119495547136,0.9583702914273244,13.555664873952256,0,0,0,0,0,0,18.484848484848484,-5.364848484848485,9.484848484848484,0.27515151515151537,3.4242424242424243,-0.8642424242424243,32.121212121212125,-6.161212121212124,33.60606060606061,-1.0060606060606077,-0.2886678623838252,-0.19121602558073925,-0.029848062573046882,0.0,86.0
penicti01w,10,0,SAC,WNBA,30,28,724,148,12,69,81,155,30,4,64,45,139,45,70,57,9,1,0,0,0,0,0,0,0,0,0,0,0,0,0,0,0,0,0,0,0,0,4.933333333333334,2.7,5.166666666666667,1.0,0.1333333333333333,24.133333333333333,0.3237410071942446,11.8,0.9333333333333332,0.3529411764705882,1,6.0,7.734244980031917,3.37880504452864,1.6016297085726756,0.7993882358016287,0.3867847274226418,12.404335126047746,-2.800911646698584,-0.67880504452864,3.565036958093992,-0.6043351260477454,0,0,0,0,0,0,8.606060606060606,-3.672727272727272,3.0,-0.2999999999999998,5.212121212121212,-0.04545454545454497,16.333333333333332,-4.533333333333331,25.939393939393938,-1.8060606060606048,-0.42185868430212314,-0.2758620689655171,-0.06935878040265328,0.0,87.0
perkiji01w,10,0,CHI,WNBA,34,34,931,450,28,88,116,100,73,6,55,78,379,158,123,104,78,30,0,0,0,0,0,0,0,0,0,0,0,0,0,0,0,0,0,0,0,0,13.235294117647058,3.411764705882353,2.9411764705882355,2.147058823529412,0.1764705882352941,27.38235294117647,0.41688654353562,20.294117647058822,1.0,0.4705882352941176,1,5.0,7.734244980031917,3.37880504452864,1.6016297085726756,0.7993882358016287,0.3867847274226418,12.404335126047746,5.501049137615141,0.0329596613537126,1.33954676201556,7.889782521011076,0,0,0,0,0,0,16.970588235294116,-3.735294117647058,4.029411764705882,-0.6176470588235294,2.823529411764706,0.11764705882352944,24.205882352941178,-3.911764705882355,31.852941176470587,-4.470588235294116,-0.21881461061337004,-0.1609390125847048,-0.13991163475699553,0.0,88.0
philler01w,10,0,CON,WNBA,32,18,740,258,30,73,103,66,43,3,43,52,225,86,64,52,116,34,0,0,0,0,0,0,0,0,0,0,0,0,0,0,0,0,0,0,0,0,8.0625,3.21875,2.0625,1.34375,0.09375,23.125,0.3822222222222222,13.4375,0.5625,0.4705882352941176,1,5.0,7.734244980031917,3.37880504452864,1.6016297085726756,0.7993882358016287,0.3867847274226418,12.404335126047746,0.3282550199680827,-0.1600550445286401,0.4608702914273244,1.033164873952254,0,0,0,0,0,0,5.352941176470588,2.709558823529412,2.147058823529412,1.0716911764705879,2.3529411764705883,-0.2904411764705883,9.647058823529411,3.7904411764705888,18.08823529411765,5.0367647058823515,0.4968985976267531,0.38888050694025356,0.27692432082794294,0.0,89.0
pondeca01w,10,0,PHO,WNBA,34,34,1075,648,32,112,144,171,31,12,86,99,513,236,151,133,120,43,0,11,11,340,200,11,29,40,39,13,0,16,26,164,76,44,39,36,9,0,19.058823529411764,4.235294117647059,5.029411764705882,0.9117647058823528,0.3529411764705882,31.61764705882353,0.4600389863547758,27.058823529411764,1.0,0.6764705882352942,1,1.0,7.734244980031917,3.37880504452864,1.6016297085726756,0.7993882358016287,0.3867847274226418,12.404335126047746,11.324578549379847,0.8564890731184187,3.427782056133206,14.654488403364018,0,0,0,0,0,0,21.21875,-2.1599264705882355,3.71875,0.5165441176470589,4.21875,0.8106617647058822,27.59375,-0.5349264705882355,31.3125,0.305147058823529,-0.10131581216479556,-0.019315783185312047,0.009714192083518631,0.0,90.0
powelni01w,10,0,SAC,WNBA,34,34,1035,567,51,149,200,77,49,8,84,62,476,198,96,94,212,77,0,0,0,0,0,0,0,0,0,0,0,0,0,0,0,0,0,0,0,0,16.676470588235293,5.882352941176471,2.264705882352941,1.4411764705882353,0.2352941176470588,30.44117647058824,0.4159663865546218,24.029411764705884,1.0,0.3529411764705882,1,6.0,7.734244980031917,3.37880504452864,1.6016297085726756,0.7993882358016287,0.3867847274226418,12.404335126047746,8.942225608203376,2.503547896647831,0.6630761737802655,11.625076638658138,0,0,0,0,0,0,13.617647058823527,3.0588235294117663,4.411764705882353,1.4705882352941178,1.3529411764705883,0.9117647058823528,18.91176470588235,5.1176470588235325,27.764705882352946,2.6764705882352935,0.22298456260720428,0.26918316831683187,0.0960523538104285,0.0,91.0
pricear01w,10,2,ATL,WNBA,11,0,98,16,7,9,16,4,3,2,9,12,14,5,10,6,0,0,0,2,0,31,10,3,3,6,4,4,0,2,2,9,3,7,4,0,0,0,1.4545454545454546,1.4545454545454546,0.3636363636363636,0.2727272727272727,0.1818181818181818,8.909090909090908,0.3571428571428571,2.909090909090909,0.0,0.5294117647058824,1,2.5,7.734244980031917,3.37880504452864,1.6016297085726756,0.7993882358016287,0.3867847274226418,12.404335126047746,-6.279699525486462,-1.9242595899831856,-1.237993344936312,-9.495244216956838,0,0,0,0,0,0,6.911764705882353,-5.457219251336898,3.676470588235294,-2.2219251336898393,1.7352941176470589,-1.3716577540106953,12.264705882352942,-9.355614973262032,22.44117647058824,-13.53208556149733,-0.7782946918852959,-0.7566386990744745,-0.6003273866008731,0.0,92.0
pricear01w,10,1,CHI,WNBA,22,0,324,77,25,34,59,26,12,1,18,32,70,27,40,23,0,0,0,0,0,0,0,0,0,0,0,0,0,0,0,0,0,0,0,0,0,0,3.5,2.6818181818181817,1.181818181818182,0.5454545454545454,0.0454545454545454,14.727272727272728,0.3857142857142857,7.136363636363637,0.0,0.4705882352941176,1,5.0,7.734244980031917,3.37880504452864,1.6016297085726756,0.7993882358016287,0.3867847274226418,12.404335126047746,-4.234244980031917,-0.6969868627104585,-0.4198115267544937,-5.267971489684109,0,0,0,0,0,0,1.4545454545454546,2.0454545454545454,1.4545454545454546,1.227272727272727,0.3636363636363636,0.8181818181818186,2.909090909090909,4.2272727272727275,8.909090909090908,5.81818181818182,1.3157894736842104,1.404833836858006,0.6458123107971748,0.0,93.0
pringla01w,10,0,MIN,WNBA,17,0,159,37,14,23,37,8,3,14,14,22,30,13,15,11,0,0,0,0,0,0,0,0,0,0,0,0,0,0,0,0,0,0,0,0,0,0,2.176470588235294,2.176470588235294,0.4705882352941176,0.1764705882352941,0.8235294117647058,9.352941176470589,0.4333333333333333,5.0,0.0,0.4117647058823529,1,5.0,7.734244980031917,3.37880504452864,1.6016297085726756,0.7993882358016287,0.3867847274226418,12.404335126047746,-5.557774391796624,-1.2023344562933462,-1.131041473278558,-7.404335126047746,0,0,0,0,0,0,4.413793103448276,-2.237322515212982,3.5172413793103448,-1.3407707910750508,0.3103448275862069,0.16024340770791068,9.172413793103448,-4.172413793103448,13.0,-3.6470588235294112,-0.49566350604412895,-0.4499814057270361,-0.27840143691064206,0.0,94.0
quinnno01w,10,0,LAS,WNBA,34,9,929,284,33,89,122,118,40,11,51,59,244,115,37,30,77,24,0,6,4,158,29,5,14,19,23,7,3,19,10,38,10,8,8,10,1,0,8.352941176470589,3.588235294117647,3.4705882352941178,1.1764705882352942,0.3235294117647059,27.323529411764707,0.4713114754098361,15.411764705882351,0.2647058823529412,0.5294117647058824,1,3.0,7.734244980031917,3.37880504452864,1.6016297085726756,0.7993882358016287,0.3867847274226418,12.404335126047746,0.6186961964386715,0.209430249589007,1.868958526721442,3.007429579834607,0,0,0,0,0,0,3.625,4.727941176470589,2.15625,1.4319852941176472,2.53125,0.9393382352941178,7.59375,7.8180147058823515,16.65625,10.667279411764707,1.2692459534149232,1.016151383380322,0.6366149592996467,0.253888007228947,4.0
rileyru01w,10,0,SAS,WNBA,31,17,650,163,35,105,140,28,14,45,35,90,147,68,26,23,18,4,4,3,0,44,12,4,3,7,1,1,4,1,7,8,4,6,4,0,0,0,5.258064516129032,4.516129032258065,0.9032258064516128,0.4516129032258064,1.4516129032258065,20.967741935483872,0.4625850340136054,11.451612903225806,0.5483870967741935,0.4411764705882353,1,4.0,7.734244980031917,3.37880504452864,1.6016297085726756,0.7993882358016287,0.3867847274226418,12.404335126047746,-2.4761804639028853,1.1373239877294248,-0.6984039021210627,-0.95272222282194,0,0,0,0,0,0,5.1,0.15806451612903238,3.6,0.9161290322580649,1.0333333333333334,-0.13010752688172067,9.833333333333334,1.6182795698924721,19.33333333333333,1.6344086021505433,0.030397022332506234,0.16291405066031597,0.08410335860122865,0.0,95.0
robinas01w,10,0,SEA,WNBA,26,2,167,12,5,19,24,2,2,13,10,31,25,5,4,2,1,0,0,3,0,18,0,1,0,1,0,0,1,1,2,2,0,0,0,0,0,0,0.4615384615384615,0.9230769230769232,0.0769230769230769,0.0769230769230769,0.5,6.423076923076923,0.2,1.6538461538461535,0.0769230769230769,0.5882352941176471,1,2.0,7.734244980031917,3.37880504452864,1.6016297085726756,0.7993882358016287,0.3867847274226418,12.404335126047746,-7.272706518493456,-2.455728121451717,-1.5247066316495987,-10.750488972201593,0,0,0,0,0,0,0.8787878787878788,-0.4172494172494173,2.1818181818181817,-1.2587412587412583,0.3636363636363636,-0.28671328671328666,3.5454545454545454,-1.891608391608392,9.969696969696969,-3.5466200466200455,-0.4262919742795904,-0.5188950700172646,-0.35220722701914386,0.0,96.0
sanfona01w,10,0,WAS,WNBA,34,13,663,213,55,92,147,22,26,14,73,109,164,77,102,59,0,0,1,2,0,35,10,3,2,5,3,0,1,2,10,7,5,2,0,0,0,1,6.264705882352941,4.323529411764706,0.6470588235294118,0.7647058823529411,0.4117647058823529,19.5,0.4695121951219512,10.264705882352942,0.3823529411764705,0.4705882352941176,1,5.0,7.734244980031917,3.37880504452864,1.6016297085726756,0.7993882358016287,0.3867847274226418,12.404335126047746,-1.4695390976789762,0.9447243672360656,-0.9545708850432638,-2.139629243694804,0,0,0,0,0,0,6.735294117647059,-0.47058823529411775,5.676470588235294,-1.3529411764705888,1.1764705882352942,-0.5294117647058824,12.088235294117649,-1.8235294117647065,23.38235294117647,-3.882352941176471,-0.06884681583476766,-0.14961389961389965,-0.1653306613226453,0.0,97.0
sanniol01w,10,0,DET,WNBA,31,1,298,119,27,30,57,16,11,5,30,56,98,47,36,25,0,0,0,3,0,13,10,1,2,3,0,0,3,0,3,8,5,0,0,0,0,0,3.838709677419355,1.8387096774193548,0.5161290322580645,0.3548387096774194,0.1612903225806451,9.612903225806452,0.4795918367346938,5.741935483870968,0.032258064516129,0.5294117647058824,1,2.5,7.734244980031917,3.37880504452864,1.6016297085726756,0.7993882358016287,0.3867847274226418,12.404335126047746,-3.8955353026125614,-1.5400953671092854,-1.0855006763146111,-6.662399642176778,0,0,0,0,0,0,3.419354838709677,0.41935483870967794,2.064516129032258,-0.22580645161290325,0.1935483870967742,0.3225806451612903,4.967741935483871,0.774193548387097,10.483870967741936,-0.870967741935484,0.11915673693858861,0.15276893698281355,-0.08229198415117343,0.0,98.0
sharpkb01w,10,0,CHI,WNBA,27,0,325,70,3,17,20,25,8,2,23,15,57,23,19,18,17,6,0,0,0,0,0,0,0,0,0,0,0,0,0,0,0,0,0,0,0,0,2.592592592592593,0.7407407407407407,0.925925925925926,0.2962962962962963,0.074074074074074,12.037037037037036,0.4035087719298245,3.7777777777777777,0.0,0.4705882352941176,1,5.0,7.734244980031917,3.37880504452864,1.6016297085726756,0.7993882358016287,0.3867847274226418,12.404335126047746,-5.141652387439325,-2.6380643037879,-0.6757037826467497,-8.62655734826997,0,0,0,0,0,0,3.117647058823529,-0.525054466230936,1.3235294117647058,-0.5827886710239651,1.4411764705882353,-0.5152505446623092,5.382352941176471,-1.6045751633986933,17.58823529411765,-5.551198257080612,-0.16317963301509894,-0.29268001907486896,-0.31383561812560823,0.0,99.0
smithbr01w,10,0,PHO,WNBA,21,0,144,21,11,24,35,3,2,3,7,30,15,7,8,7,0,0,0,1,0,6,4,0,0,0,0,1,0,0,1,2,2,0,0,0,0,0,1.0,1.6666666666666667,0.1428571428571428,0.0952380952380952,0.1428571428571428,6.857142857142857,0.4666666666666667,2.7142857142857144,0.0,0.6764705882352942,1,1.0,7.734244980031917,3.37880504452864,1.6016297085726756,0.7993882358016287,0.3867847274226418,12.404335126047746,-6.734244980031917,-1.7121383778619734,-1.4587725657155328,-9.690049411762033,0,0,0,0,0,0,4.1,-3.0999999999999996,3.6,-1.9333333333333333,0.9,-0.7571428571428572,8.2,-5.485714285714285,13.4,-6.542857142857144,-0.7380952380952381,-0.6609294320137693,-0.48465608465608473,0.0,100.0
smithka01w,10,0,DET,WNBA,27,27,894,369,13,50,63,76,21,2,62,69,294,128,61,56,132,57,2,0,0,0,0,0,0,0,0,0,0,0,0,0,0,0,0,0,0,0,13.666666666666666,2.333333333333333,2.814814814814815,0.7777777777777778,0.074074074074074,33.111111111111114,0.4353741496598639,17.37037037037037,1.0,0.5294117647058824,1,2.5,7.734244980031917,3.37880504452864,1.6016297085726756,0.7993882358016287,0.3867847274226418,12.404335126047746,5.932421686634749,-1.045471711195307,1.2131851062421393,4.966035244322624,0,0,0,0,0,0,14.705882352941176,-1.0392156862745097,2.764705882352941,-0.4313725490196081,4.029411764705882,-1.2145969498910674,20.176470588235293,-2.8061002178649233,33.88235294117647,-0.7712418300653567,-0.07018937889021322,-0.13839194576067215,-0.02269536283730494,0.0,101.0
smithta01w,10,0,PHO,WNBA,34,34,920,336,35,148,183,27,34,57,37,107,304,137,23,20,93,42,4,11,11,290,109,14,50,64,9,15,9,7,38,76,40,12,9,38,20,0,9.882352941176473,5.382352941176471,0.7941176470588235,1.0,1.6764705882352942,27.058823529411764,0.4506578947368421,17.647058823529413,1.0,0.6764705882352942,1,1.0,7.734244980031917,3.37880504452864,1.6016297085726756,0.7993882358016287,0.3867847274226418,12.404335126047746,2.1481079611445537,2.003547896647831,-0.8075120615138521,5.242723697481667,0,0,0,0,0,0,11.08,-1.1976470588235273,7.04,-1.657647058823529,1.12,-0.3258823529411766,19.88,-2.232941176470586,28.88,-1.8211764705882345,-0.10712406608439422,-0.11175881764117047,-0.06284252831567406,0.0,102.0
snellbe01w,10,0,SAS,WNBA,30,6,553,187,21,49,70,37,27,3,29,50,182,61,29,23,137,42,0,1,0,7,0,0,2,2,1,0,0,0,0,2,0,0,0,2,0,0,6.233333333333333,2.333333333333333,1.2333333333333334,0.9,0.1,18.433333333333334,0.3351648351648351,9.833333333333334,0.2,0.4411764705882353,1,4.0,7.734244980031917,3.37880504452864,1.6016297085726756,0.7993882358016287,0.3867847274226418,12.404335126047746,-1.500911646698584,-1.045471711195307,-0.3682963752393422,-2.571001792714412,0,0,0,0,0,0,3.566666666666667,2.6666666666666665,1.5333333333333334,0.7999999999999996,1.4666666666666666,-0.23333333333333317,6.766666666666667,3.0666666666666673,11.433333333333334,7.0,0.7272727272727272,0.44660194174757295,0.6069364161849711,0.0,103.0
snowmi01w,10,0,ATL,WNBA,34,2,503,185,40,105,145,17,15,17,39,73,140,67,67,51,2,0,0,2,0,33,9,3,5,8,1,0,2,2,3,10,3,5,3,0,0,0,5.441176470588236,4.264705882352941,0.5,0.4411764705882353,0.5,14.794117647058824,0.4785714285714286,10.0,0.0588235294117647,0.5294117647058824,1,2.5,7.734244980031917,3.37880504452864,1.6016297085726756,0.7993882358016287,0.3867847274226418,12.404335126047746,-2.293068509443682,0.885900837824301,-1.1016297085726756,-2.404335126047746,0,0,0,0,0,0,9.882352941176473,-4.441176470588236,6.764705882352941,-2.5,1.2647058823529411,-0.7647058823529411,17.470588235294116,-7.470588235294116,25.176470588235293,-10.38235294117647,-0.44490276959340014,-0.42517576163374615,-0.41075168722364436,0.0,104.0
spencsi01w,10,0,NYL,WNBA,33,0,340,99,7,31,38,15,6,1,9,24,88,34,9,9,57,22,0,0,0,0,0,0,0,0,0,0,0,0,0,0,0,0,0,0,0,0,3.0,1.1515151515151516,0.4545454545454545,0.1818181818181818,0.0303030303030303,10.303030303030305,0.3863636363636363,4.545454545454546,0.0,0.3823529411764705,1,7.0,7.734244980031917,3.37880504452864,1.6016297085726756,0.7993882358016287,0.3867847274226418,12.404335126047746,-4.734244980031917,-2.227289893013489,-1.147084254027221,-7.8588805805932,0,0,0,0,0,0,5.2727272727272725,-2.2727272727272725,1.878787878787879,-0.7272727272727273,0.5454545454545454,-0.09090909090909094,7.545454545454546,-3.0,13.666666666666666,-3.3636363636363615,-0.4230118443316413,-0.3923900118906064,-0.24433193924719335,0.0,105.0
suttota01w,10,0,IND,WNBA,27,25,680,266,44,114,158,23,15,40,49,76,204,95,102,76,0,0,2,10,10,311,143,15,41,56,5,9,14,30,30,106,56,45,31,0,0,0,9.851851851851851,5.851851851851852,0.8518518518518519,0.5555555555555556,1.4814814814814814,25.185185185185187,0.4656862745098039,16.77777777777778,0.925925925925926,0.6470588235294118,1,1.0,7.734244980031917,3.37880504452864,1.6016297085726756,0.7993882358016287,0.3867847274226418,12.404335126047746,2.117606871819934,2.473046807323212,-0.7497778567208238,4.373442651730032,0,0,0,0,0,0,11.787878787878787,-1.936026936026936,6.303030303030303,-0.4511784511784507,0.5151515151515151,0.3367003367003367,18.848484848484848,-2.070707070707069,28.96969696969697,-3.784511784511782,-0.162857223779987,-0.10928087851164765,-0.1301875209933168,0.0,106.0
swanike01w,10,0,PHO,WNBA,33,0,388,93,7,46,53,54,15,3,46,34,88,33,18,16,33,11,0,9,0,91,20,2,7,9,13,2,0,7,10,27,8,0,0,11,4,0,2.8181818181818183,1.606060606060606,1.6363636363636365,0.4545454545454545,0.0909090909090909,11.757575757575758,0.375,5.212121212121212,0.0,0.6764705882352942,1,1.0,7.734244980031917,3.37880504452864,1.6016297085726756,0.7993882358016287,0.3867847274226418,12.404335126047746,-4.916063161850099,-1.7727444384680342,0.0347339277909608,-7.192213913926534,0,0,0,0,0,0,1.64,1.1781818181818184,1.16,0.44606060606060605,1.04,0.5963636363636364,3.64,1.5721212121212118,9.24,2.5175757575757576,0.6771159874608152,0.4203532652730513,0.2695477256505094,0.0,107.0
tauradi01w,10,0,PHO,WNBA,31,31,976,631,18,160,178,109,36,43,82,95,434,200,170,152,194,79,0,11,11,362,245,9,56,65,42,8,14,33,41,182,82,56,50,85,31,2,20.35483870967742,5.741935483870968,3.5161290322580645,1.1612903225806452,1.3870967741935485,31.483870967741936,0.4608294930875576,29.516129032258064,1.0,0.6764705882352942,1,1.0,7.734244980031917,3.37880504452864,1.6016297085726756,0.7993882358016287,0.3867847274226418,12.404335126047746,12.620593729645504,2.363130439342328,1.9144993236853889,17.111793906210316,0,1,0,0,0,0,24.11764705882353,-3.762808349146109,5.0588235294117645,0.6831119544592035,3.5588235294117645,-0.042694497153699995,33.0,-3.483870967741936,31.852941176470587,-0.36907020872865104,-0.15537464643061416,-0.10525289932755093,-0.011550429949166177,0.0,108.0
taylope01w,10,0,PHO,WNBA,14,1,283,153,12,22,34,32,18,2,31,32,108,50,48,43,25,10,0,11,0,265,157,10,28,38,37,4,2,12,23,93,49,51,44,31,15,0,10.928571428571429,2.4285714285714284,2.2857142857142856,1.2857142857142858,0.1428571428571428,20.214285714285715,0.4629629629629629,14.857142857142858,0.0714285714285714,0.6764705882352942,1,1.0,7.734244980031917,3.37880504452864,1.6016297085726756,0.7993882358016287,0.3867847274226418,12.404335126047746,3.1943264485395115,-0.9502336159572118,0.68408457714161,2.4528077310951115,0,0,0,0,0,0,17.794117647058822,-6.865546218487394,6.294117647058823,-3.865546218487395,2.8823529411764706,-0.596638655462185,26.852941176470587,-11.99579831932773,29.705882352941178,-9.491596638655462,-0.38367615290692203,-0.4450645382552846,-0.3184470946460289,0.0,109.0
teaslni01w,10,1,ATL,WNBA,10,10,234,39,2,15,17,35,9,1,12,28,30,12,10,8,17,7,0,0,0,0,0,0,0,0,0,0,0,0,0,0,0,0,0,0,0,0,3.9,1.7,3.5,0.9,0.1,23.4,0.4,8.9,1.0,0.5294117647058824,1,2.5,7.734244980031917,3.37880504452864,1.6016297085726756,0.7993882358016287,0.3867847274226418,12.404335126047746,-3.834244980031917,-1.6788050445286402,1.8983702914273244,-3.5043351260477458,0,0,0,0,0,0,5.212121212121212,-1.312121212121212,2.212121212121212,-0.512121212121212,3.303030303030303,0.1969696969696968,9.727272727272728,-0.827272727272728,22.60606060606061,0.7939393939393895,-0.24700513405590416,-0.08418131359851996,0.03496596823702102,0.0,110.0
teaslni01w,10,2,DET,WNBA,11,7,222,42,1,13,14,24,6,4,16,16,39,15,2,2,30,10,0,5,5,83,24,0,1,1,9,1,1,9,16,18,8,6,4,10,4,0,3.8181818181818175,1.2727272727272727,2.1818181818181817,0.5454545454545454,0.3636363636363636,20.181818181818183,0.3846153846153846,6.727272727272728,0.6363636363636364,0.5294117647058824,1,2.5,7.734244980031917,3.37880504452864,1.6016297085726756,0.7993882358016287,0.3867847274226418,12.404335126047746,-3.916063161850099,-2.106077771801368,0.580188473245506,-5.677062398775019,0,0,0,0,0,0,3.9,-0.08181818181818246,1.7,-0.42727272727272725,3.5,-1.3181818181818183,8.9,-2.172727272727272,23.4,-3.218181818181815,-0.020454545454545614,-0.24141414141414133,-0.13694390715667298,0.0,111.0
thomach01w,10,0,MIN,WNBA,11,0,66,3,5,10,15,3,3,5,6,15,21,1,2,1,7,0,0,0,0,0,0,0,0,0,0,0,0,0,0,0,0,0,0,0,0,0,0.2727272727272727,1.3636363636363635,0.2727272727272727,0.2727272727272727,0.4545454545454545,6.0,0.0476190476190476,2.090909090909091,0.0,0.4117647058823529,1,5.0,7.734244980031917,3.37880504452864,1.6016297085726756,0.7993882358016287,0.3867847274226418,12.404335126047746,-7.461517707304645,-2.015168680892277,-1.328902435845403,-10.313426035138654,0,0,0,0,0,0,1.45,-1.1772727272727272,2.0,-0.6363636363636365,0.3,-0.027272727272727282,3.85,-1.7590909090909093,7.95,-1.9500000000000002,-0.7595307917888563,-0.4453394706559264,-0.2422360248447205,0.0,112.0
thompti01w,10,0,LAS,WNBA,34,34,1182,441,46,153,199,78,26,24,94,71,395,152,98,85,141,52,0,6,6,218,91,16,26,42,17,5,4,15,16,74,28,24,23,26,12,0,12.970588235294118,5.852941176470588,2.294117647058824,0.7647058823529411,0.7058823529411765,34.76470588235294,0.3848101265822785,19.823529411764707,1.0,0.5294117647058824,1,3.0,7.734244980031917,3.37880504452864,1.6016297085726756,0.7993882358016287,0.3867847274226418,12.404335126047746,5.2363432552622005,2.474136131941948,0.6924879384861478,7.41919428571696,0,0,0,0,0,0,18.066666666666663,-5.096078431372545,6.933333333333334,-1.0803921568627457,2.1333333333333333,0.1607843137254905,25.166666666666668,-5.343137254901961,35.8,-1.0352941176470551,-0.2805180787911493,-0.21146981219928604,-0.02883827625757814,0.0,113.0
thorner01w,10,0,CHI,WNBA,34,0,577,211,13,40,53,53,20,0,31,32,170,72,33,30,92,37,0,0,0,0,0,0,0,0,0,0,0,0,0,0,0,0,0,0,0,0,6.205882352941177,1.5588235294117647,1.5588235294117647,0.5882352941176471,0.0,16.970588235294116,0.4235294117647059,9.0,0.0,0.4705882352941176,1,5.0,7.734244980031917,3.37880504452864,1.6016297085726756,0.7993882358016287,0.3867847274226418,12.404335126047746,-1.5283626270907409,-1.8199815151168757,-0.0428061791609108,-3.404335126047746,0,0,0,0,0,0,3.15625,3.0496323529411766,0.625,0.9338235294117647,1.125,0.4338235294117647,4.5625,4.4375,11.875,5.095588235294116,0.936547363667156,0.9517426273458446,0.42551885054648153,0.0,114.0
walkede01w,10,0,SAC,WNBA,34,30,821,291,54,103,157,65,27,16,92,112,250,119,73,53,1,0,1,0,0,0,0,0,0,0,0,0,0,0,0,0,0,0,0,0,0,0,8.558823529411764,4.617647058823529,1.911764705882353,0.7941176470588235,0.4705882352941176,24.147058823529413,0.476,13.647058823529411,0.8823529411764706,0.3529411764705882,1,6.0,7.734244980031917,3.37880504452864,1.6016297085726756,0.7993882358016287,0.3867847274226418,12.404335126047746,0.8245785493798472,1.2388420142948888,0.3101349973096774,1.2427236974816651,0,0,0,0,0,0,9.26086956521739,-0.7020460358056262,4.0,0.617647058823529,1.391304347826087,0.5204603580562661,14.043478260869565,-0.3964194373401533,19.043478260869566,5.103580562659847,-0.0749979508756591,-0.028028426249073243,0.26659630465858836,0.0,115.0
wautean01w,10,0,SAS,WNBA,17,16,463,220,29,66,95,19,13,6,44,39,168,92,52,35,6,1,0,3,3,82,32,8,15,23,10,0,0,4,7,36,14,5,4,0,0,0,12.941176470588236,5.588235294117647,1.1176470588235294,0.7647058823529411,0.3529411764705882,27.235294117647054,0.5476190476190477,18.176470588235293,0.9411764705882352,0.4411764705882353,1,4.0,7.734244980031917,3.37880504452864,1.6016297085726756,0.7993882358016287,0.3867847274226418,12.404335126047746,5.206931490556318,2.2094302495890066,-0.4839826497491462,5.772135462187547,0,0,0,0,0,0,14.71875,-1.7775735294117645,7.46875,-1.8805147058823533,1.75,-0.6323529411764706,24.0625,-5.8860294117647065,30.625,-3.3897058823529456,-0.11995435036097947,-0.24360183804509908,-0.1103240319724311,0.0,116.0
whaleli01w,10,0,CON,WNBA,34,34,1000,419,40,116,156,156,43,5,63,87,328,141,129,115,83,22,0,0,0,0,0,0,0,0,0,0,0,0,0,0,0,0,0,0,0,0,12.323529411764708,4.588235294117647,4.588235294117647,1.2647058823529411,0.1470588235294117,29.41176470588235,0.4298780487804878,21.058823529411764,1.0,0.4705882352941176,1,5.0,7.734244980031917,3.37880504452864,1.6016297085726756,0.7993882358016287,0.3867847274226418,12.404335126047746,4.589284431732789,1.2094302495890066,2.986605585544971,8.654488403364018,0,0,0,0,0,0,14.03225806451613,-1.7087286527514216,5.612903225806452,-1.0246679316888052,5.354838709677419,-0.7666034155597723,24.61290322580645,-3.554079696394684,29.29032258064516,0.12144212523719133,-0.12090981108261599,-0.14381473774733744,0.0041320446519075085,0.0,117.0
whiteta01w,10,0,CON,WNBA,30,15,659,285,21,61,82,66,35,9,37,73,247,97,50,42,130,49,1,0,0,0,0,0,0,0,0,0,0,0,0,0,0,0,0,0,0,0,9.5,2.7333333333333334,2.2,1.1666666666666667,0.3,21.966666666666665,0.3927125506072874,14.666666666666666,0.5,0.4705882352941176,1,5.0,7.734244980031917,3.37880504452864,1.6016297085726756,0.7993882358016287,0.3867847274226418,12.404335126047746,1.7657550199680827,-0.6454717111953068,0.5983702914273246,2.26233154061892,0,0,0,0,0,0,9.93939393939394,-0.43939393939393945,3.060606060606061,-0.3272727272727276,2.4242424242424243,-0.22424242424242413,14.575757575757576,0.09090909090908994,27.09090909090909,-5.124242424242425,-0.04376697856927257,0.00619450753665077,-0.18845425164382038,0.0,118.0
whitmta01w,10,0,CON,WNBA,24,1,376,105,21,31,52,25,9,3,20,34,127,37,33,24,23,7,0,0,0,0,0,0,0,0,0,0,0,0,0,0,0,0,0,0,0,0,4.375,2.1666666666666665,1.0416666666666667,0.375,0.125,15.666666666666666,0.2913385826771653,7.25,0.0416666666666666,0.4705882352941176,1,5.0,7.734244980031917,3.37880504452864,1.6016297085726756,0.7993882358016287,0.3867847274226418,12.404335126047746,-3.3592449800319173,-1.2121383778619736,-0.5599630419060089,-5.154335126047746,0,0,0,0,0,0,12.617647058823527,-8.242647058823527,4.735294117647059,-2.5686274509803924,1.3823529411764706,-0.3406862745098038,17.705882352941178,-10.455882352941178,26.794117647058822,-11.127450980392156,-0.6481267345050878,-0.587215064420218,-0.4137503645377661,0.0,119.0
wiggica01w,10,0,MIN,WNBA,34,34,1017,446,30,70,100,88,41,7,81,99,360,135,150,134,131,42,0,0,0,0,0,0,0,0,0,0,0,0,0,0,0,0,0,0,0,0,13.117647058823527,2.9411764705882355,2.588235294117647,1.2058823529411764,0.2058823529411764,29.91176470588235,0.375,17.676470588235293,1.0,0.4117647058823529,1,5.0,7.734244980031917,3.37880504452864,1.6016297085726756,0.7993882358016287,0.3867847274226418,12.404335126047746,5.383402078791612,-0.4376285739404046,0.9866055855449716,5.272135462187547,0,0,0,0,0,0,15.733333333333333,-2.6156862745098053,3.2333333333333334,-0.2921568627450979,3.0,-0.4117647058823528,22.1,-4.423529411764708,27.466666666666665,2.4450980392156865,-0.16520123839009299,-0.19925808161102285,0.0886976314104844,0.0,120.0
willile01w,10,0,PHO,WNBA,34,34,713,340,64,79,143,35,22,9,46,91,255,136,79,67,8,1,0,11,11,254,90,21,27,48,10,4,5,14,26,65,35,24,20,1,0,0,10.0,4.205882352941177,1.0294117647058822,0.6470588235294118,0.2647058823529412,20.97058823529412,0.5333333333333333,14.794117647058824,1.0,0.6764705882352942,1,1.0,7.734244980031917,3.37880504452864,1.6016297085726756,0.7993882358016287,0.3867847274226418,12.404335126047746,2.2657550199680827,0.8270773084125365,-0.5722179438667934,2.389782521011078,0,0,0,0,0,0,10.088235294117649,-0.08823529411764852,5.941176470588236,-1.7352941176470598,0.8529411764705882,0.17647058823529405,16.38235294117647,-1.5882352941176467,24.529411764705884,-3.5588235294117645,-0.008660508083141021,-0.09635974304068519,-0.14449486505851442,0.0,121.0
wrighta01w,10,0,SEA,WNBA,33,33,1072,404,44,73,117,129,50,10,85,119,324,150,106,96,30,8,5,3,3,98,35,9,7,16,16,5,0,9,12,38,13,8,8,4,1,0,12.242424242424242,3.5454545454545454,3.909090909090909,1.5151515151515151,0.303030303030303,32.484848484848484,0.4629629629629629,18.939393939393938,1.0,0.5882352941176471,1,2.0,7.734244980031917,3.37880504452864,1.6016297085726756,0.7993882358016287,0.3867847274226418,12.404335126047746,4.508179262392325,0.1666495009259052,2.3074612005182336,6.535058813346192,0,0,0,0,0,0,7.882352941176471,4.360071301247771,3.411764705882353,0.1336898395721926,2.4705882352941178,1.4385026737967914,12.617647058823527,6.3217468805704105,23.764705882352946,8.720142602495539,0.546213796029566,0.497084629832086,0.36539912310185885,0.007474159078594336,8.0
wyckobr01w,10,0,CHI,WNBA,27,23,531,83,17,56,73,38,10,20,29,61,74,28,8,7,51,20,0,0,0,0,0,0,0,0,0,0,0,0,0,0,0,0,0,0,0,0,3.074074074074074,2.703703703703704,1.4074074074074074,0.3703703703703703,0.7407407407407407,19.666666666666668,0.3783783783783784,7.222222222222222,0.8518518518518519,0.4705882352941176,1,5.0,7.734244980031917,3.37880504452864,1.6016297085726756,0.7993882358016287,0.3867847274226418,12.404335126047746,-4.660170905957843,-0.6751013408249364,-0.1942223011652681,-5.182112903825524,0,0,0,0,0,0,2.2058823529411766,0.8681917211328973,2.323529411764706,0.3801742919389981,1.3529411764705883,0.05446623093681913,5.882352941176471,1.3398692810457513,17.470588235294116,2.196078431372552,0.3765117157974299,0.22397028296733307,0.12498605066398856,0.0,122.0
youngso01w,10,0,SAS,WNBA,33,33,1113,600,69,146,215,54,44,16,62,67,482,219,189,145,55,17,1,3,3,96,58,6,10,16,6,6,2,5,9,48,22,19,13,2,1,0,18.181818181818183,6.515151515151516,1.6363636363636365,1.3333333333333333,0.4848484848484848,33.72727272727273,0.454356846473029,26.272727272727277,1.0,0.4411764705882353,1,4.0,7.734244980031917,3.37880504452864,1.6016297085726756,0.7993882358016287,0.3867847274226418,12.404335126047746,10.447573201786266,3.1363464706228754,0.0347339277909608,13.868392146679527,0,0,0,0,0,0,17.454545454545453,0.7272727272727302,5.636363636363637,0.8787878787878789,2.272727272727273,-0.6363636363636365,25.75757575757576,0.5151515151515156,31.939393939393938,1.787878787878789,0.04142931123770084,0.019922653228641757,0.0558025158422397,0.0,123.0
youngta01w,10,1,ATL,WNBA,11,0,73,30,6,8,14,5,6,1,9,9,27,9,17,11,5,1,0,0,0,0,0,0,0,0,0,0,0,0,0,0,0,0,0,0,0,0,2.727272727272727,1.2727272727272727,0.4545454545454545,0.5454545454545454,0.0909090909090909,6.636363636363637,0.3333333333333333,4.2727272727272725,0.0,0.5294117647058824,1,2.5,7.734244980031917,3.37880504452864,1.6016297085726756,0.7993882358016287,0.3867847274226418,12.404335126047746,-5.006972252759191,-2.106077771801368,-1.147084254027221,-8.131607853320475,0,0,0,0,0,0,7.272727272727272,-4.545454545454545,4.212121212121212,-2.9393939393939394,1.2424242424242424,-0.787878787878788,12.151515151515152,-7.87878787878788,22.57575757575757,-15.939393939393934,-0.6165228113440198,-0.6430868167202572,-0.7029266337030602,0.0,124.0
youngta01w,10,2,CHI,WNBA,10,6,129,50,10,20,30,7,7,4,11,18,46,16,18,16,8,2,0,0,0,0,0,0,0,0,0,0,0,0,0,0,0,0,0,0,0,0,5.0,3.0,0.7,0.7,0.4,12.9,0.3478260869565217,8.7,0.6,0.4705882352941176,1,5.0,7.734244980031917,3.37880504452864,1.6016297085726756,0.7993882358016287,0.3867847274226418,12.404335126047746,-2.7342449800319173,-0.3788050445286401,-0.9016297085726755,-3.704335126047747,0,0,0,0,0,0,2.727272727272727,2.272727272727273,1.2727272727272727,1.7272727272727273,0.4545454545454545,0.24545454545454548,4.2727272727272725,4.427272727272727,6.636363636363637,6.263636363636364,0.8038585209003216,1.0124740124740126,0.9298245614035088,0.0,125.0
