playerID,year,stint,tmID,lgID,GP,GS,minutes,points,oRebounds,dRebounds,rebounds,assists,steals,blocks,turnovers,PF,fgAttempted,fgMade,ftAttempted,ftMade,threeAttempted,threeMade,dq,PostGP,PostGS,PostMinutes,PostPoints,PostoRebounds,PostdRebounds,PostRebounds,PostAssists,PostSteals,PostBlocks,PostTurnovers,PostPF,PostfgAttempted,PostfgMade,PostftAttempted,PostftMade,PostthreeAttempted,PostthreeMade,PostDQ,ppg,rpg,apg,spg,bpg,mpg,fg_pct,efficiency,gs_pct,ppg_vs_avg,rpg_vs_avg,apg_vs_avg,efficiency_vs_avg,ppg_cumulative,ppg_prev,rpg_cumulative,rpg_prev,apg_cumulative,apg_prev,efficiency_cumulative,efficiency_prev,mpg_cumulative,mpg_prev,spg_cumulative,spg_prev,bpg_cumulative,bpg_prev,years_experience,total_previous_awards,prev_most_valuable_player,prev_defensive_player_of_the_year,prev_rookie_of_the_year,prev_most_improved_player,prev_all-star_game_most_valuable_player,prev_wnba_finals_most_valuable_player,is_rookie,years_since_last_award,win_pct,conf_rank,made_playoffs,won_championship,playoff_wins,won_most_valuable_player,won_defensive_player_of_the_year,won_rookie_of_the_year,won_most_improved_player,won_all-star_game_most_valuable_player,won_wnba_finals_most_valuable_player,fmvp_proba,fmvp_rank
ajavoma01w,10,0,WAS,WNBA,34,4,587,272,27,37,64,37,37,4,50,84,253,85,110,74,82,28,1,2,0,34,19,1,4,5,3,4,0,2,6,16,6,6,5,8,2,0,8.0,1.8823529411764703,1.088235294117647,1.088235294117647,0.1176470588235294,17.264705882352942,0.3359683794466403,10.705882352941176,0.1176470588235294,0.2657550199680827,-1.4964521033521692,-0.5133944144550286,-1.6984527731065686,8.029411764705882,8.029411764705882,1.7647058823529411,1.7647058823529411,1.7352941176470589,1.7352941176470589,11.0,11.0,17.764705882352942,17.764705882352942,0.9117647058823528,0.9117647058823528,0.1764705882352941,0.1764705882352941,1.0,0.0,0.0,0.0,0.0,0.0,0.0,0.0,False,99,0.4705882352941176,5.0,1,0,0,0,0,0,0,0,0,0.006666666666666667,74.0
anosini01w,10,0,MIN,WNBA,30,29,896,396,73,149,222,81,81,28,61,88,265,130,194,135,4,1,1,0,0,0,0,0,0,0,0,0,0,0,0,0,0,0,0,0,0,0,13.2,7.4,2.7,2.7,0.9333333333333332,29.866666666666667,0.490566037735849,24.9,0.9666666666666668,5.465755019968082,4.02119495547136,1.0983702914273246,12.495664873952254,9.235294117647058,9.235294117647058,6.794117647058823,6.794117647058823,1.3235294117647058,1.3235294117647058,19.58823529411765,19.58823529411765,27.058823529411764,27.058823529411764,2.2058823529411766,2.2058823529411766,1.2647058823529411,1.2647058823529411,1.0,0.0,0.0,0.0,0.0,0.0,0.0,0.0,False,99,0.4117647058823529,5.0,1,0,0,0,0,0,0,0,0,0.07851704545454545,29.0
battlas01w,10,0,NYL,WNBA,34,3,548,177,17,68,85,40,31,2,52,48,148,63,46,32,46,19,0,0,0,0,0,0,0,0,0,0,0,0,0,0,0,0,0,0,0,0,5.205882352941177,2.5,1.1764705882352942,0.9117647058823528,0.0588235294117647,16.11764705882353,0.4256756756756756,8.323529411764707,0.088235294117647,-2.5283626270907407,-0.8788050445286397,-0.4251591203373814,-4.080805714283038,15.303921568627452,3.5588235294117645,7.14349376114082,1.5588235294117647,3.231729055258467,0.7058823529411765,24.881461675579324,5.470588235294118,45.9349376114082,9.882352941176473,2.409982174688057,0.4411764705882353,0.1791443850267379,0.0294117647058823,3.0,0.0,0.0,0.0,0.0,0.0,0.0,0.0,False,99,0.3823529411764705,7.0,1,0,0,0,0,0,0,0,0,0.009454545454545455,67.0
beardal01w,10,0,WAS,WNBA,31,30,985,492,19,104,123,68,72,18,100,97,438,188,114,84,107,32,2,2,2,54,19,1,3,4,5,2,0,0,6,26,8,3,2,8,1,0,15.870967741935484,3.967741935483871,2.193548387096774,2.3225806451612905,0.5806451612903226,31.774193548387096,0.4292237442922374,21.70967741935484,0.967741935483871,8.136722761903567,0.5889368909552313,0.5919186785240984,9.305342293307096,81.34151069518717,16.12121212121212,20.9833444741533,3.575757575757576,15.28442513368984,3.5454545454545454,116.64673573975044,22.272727272727277,163.55804367201426,33.09090909090909,8.979222370766488,1.6666666666666667,3.384280303030303,0.5757575757575758,5.0,0.0,0.0,0.0,0.0,0.0,0.0,0.0,False,99,0.4705882352941176,5.0,1,0,0,0,0,0,0,0,0,0.11906993006993008,20.0
beviltu01w,10,0,IND,WNBA,34,32,861,209,12,67,79,97,62,8,48,76,181,68,54,36,107,37,0,10,10,224,53,5,18,23,20,12,1,11,25,53,18,10,7,32,10,0,6.147058823529412,2.323529411764706,2.8529411764705883,1.8235294117647056,0.2352941176470588,25.323529411764707,0.3756906077348066,11.970588235294118,0.9411764705882352,-1.5871861565025052,-1.0552756327639337,1.2513114678979127,-0.4337468907536266,40.966681161712,5.833333333333333,17.402610425890785,2.2666666666666666,19.39538310844051,2.1666666666666665,79.66680634619439,11.2,197.7890347178298,29.2,13.20599523859723,1.9666666666666663,0.8048097195867594,0.1333333333333333,9.0,0.0,0.0,0.0,0.0,0.0,0.0,0.0,False,99,0.6470588235294118,1.0,1,0,6,0,0,0,0,0,0,0.006666666666666667,75.0
birdsu01w,10,0,SEA,WNBA,31,31,1101,397,12,66,78,179,47,3,81,50,377,154,41,35,150,54,0,3,3,109,34,1,10,11,12,4,0,7,5,33,11,8,7,12,5,0,12.806451612903226,2.5161290322580645,5.774193548387097,1.5161290322580645,0.0967741935483871,35.516129032258064,0.4084880636604774,20.096774193548388,1.0,5.072206632871309,-0.8626760122705752,4.172563839814421,7.6924390675006435,87.78465063925256,14.090909090909092,18.94589825742209,2.5454545454545454,38.5641338588727,5.121212121212121,136.66899471387302,20.363636363636363,232.53463066260983,33.666666666666664,10.05587582211568,1.181818181818182,0.984050571639314,0.0909090909090909,7.0,0.0,0.0,0.0,0.0,0.0,0.0,0.0,False,99,0.5882352941176471,2.0,1,0,1,0,0,0,0,0,0,0.14094746987652135,8.0
bonnede01w,10,0,PHO,WNBA,34,0,724,381,70,126,196,13,23,25,34,70,278,127,154,125,13,2,0,11,0,186,97,17,30,47,3,5,6,7,13,69,34,35,29,1,0,0,11.205882352941176,5.764705882352941,0.3823529411764705,0.6764705882352942,0.7352941176470589,21.294117647058822,0.4568345323741007,17.764705882352942,0.0,3.4716373729092584,2.3859008378243014,-1.219276767396205,5.360370756305198,0.0,0.0,0.0,0.0,0.0,0.0,0.0,0.0,0.0,0.0,0.0,0.0,0.0,0.0,0.0,0.0,0.0,0.0,0.0,0.0,0.0,0.0,True,99,0.6764705882352942,1.0,1,0,7,0,0,0,0,0,0,0.038125,37.0
braxtka01w,10,0,DET,WNBA,28,2,504,252,66,101,167,41,19,18,51,79,201,106,62,40,0,0,0,5,0,96,48,12,22,34,7,4,7,12,10,37,20,14,8,0,0,0,9.0,5.964285714285714,1.4642857142857142,0.6785714285714286,0.6428571428571429,18.0,0.527363184079602,15.928571428571429,0.0714285714285714,1.2657550199680827,2.5854806697570747,-0.1373439942869614,3.5242363025236845,26.78971882007935,8.93939393939394,16.917227301477777,5.090909090909091,2.5232591570352483,0.8181818181818182,43.16497038698177,14.363636363636363,59.80613535736876,17.87878787878788,1.744839284687482,0.4242424242424242,1.960870565234892,0.7272727272727273,4.0,0.0,0.0,0.0,0.0,0.0,0.0,0.0,False,99,0.5294117647058824,2.5,1,0,3,0,0,0,0,0,0,0.012395833333333333,64.0
brunsre01w,10,0,SAC,WNBA,27,17,665,331,67,123,190,9,40,16,45,57,255,124,106,83,1,0,0,0,0,0,0,0,0,0,0,0,0,0,0,0,0,0,0,0,0,0,12.25925925925926,7.037037037037037,0.3333333333333333,1.4814814814814814,0.5925925925925926,24.62962962962963,0.4862745098039215,20.03703703703704,0.6296296296296297,4.525014279227342,3.6582319925083975,-1.2682963752393424,7.632701910989294,41.41336898395722,10.9,30.745276292335117,7.1,2.690017825311943,0.4333333333333333,75.648128342246,18.6,107.5326203208556,25.966666666666665,4.650980392156862,1.2,2.870766488413547,0.6666666666666666,5.0,0.0,0.0,0.0,0.0,0.0,0.0,0.0,False,99,0.3529411764705882,6.0,1,0,0,0,0,0,0,0,0,0.036737061206120615,39.0
burseja01w,10,0,SEA,WNBA,34,8,541,207,31,76,107,10,21,31,35,71,145,74,80,59,0,0,1,3,3,32,2,1,7,8,2,0,2,3,9,8,0,4,2,0,0,1,6.088235294117647,3.147058823529412,0.2941176470588235,0.6176470588235294,0.9117647058823528,15.911764705882351,0.5103448275862069,10.029411764705882,0.2352941176470588,-1.6460096859142703,-0.231746220999228,-1.307512061513852,-2.374923361341862,46.931633914225685,8.827586206896552,28.825845226237817,5.310344827586207,4.036057371904391,0.7586206896551724,78.66774763050691,14.310344827586206,129.38363844116316,24.448275862068964,3.2039147830680905,0.4482758620689655,6.444165145974345,0.9655172413793104,7.0,0.0,0.0,0.0,0.0,0.0,0.0,0.0,False,99,0.5882352941176471,2.0,1,0,1,0,0,0,0,0,0,0.0023958333333333336,85.0
cantydo01w,10,0,CHI,WNBA,34,34,776,234,18,45,63,109,28,5,57,96,194,74,119,82,11,4,1,0,0,0,0,0,0,0,0,0,0,0,0,0,0,0,0,0,0,0,6.882352941176471,1.8529411764705883,3.2058823529411766,0.8235294117647058,0.1470588235294117,22.823529411764707,0.3814432989690721,11.235294117647058,1.0,-0.8518920388554463,-1.5258638680580514,1.604252644368501,-1.1690410084006864,67.77527056277056,8.071428571428571,24.716477272727275,2.5357142857142856,26.031439393939397,4.107142857142857,111.7379329004329,13.892857142857142,225.29872835497835,26.321428571428573,9.168371212121212,1.0,0.7162608225108225,0.1071428571428571,9.0,0.0,0.0,0.0,0.0,0.0,0.0,0.0,False,99,0.4705882352941176,5.0,1,0,0,0,0,0,0,0,0,0.01612121212121212,52.0
carsoes01w,10,0,NYL,WNBA,34,34,859,340,24,48,72,46,37,10,54,76,321,131,48,44,102,34,1,0,0,0,0,0,0,0,0,0,0,0,0,0,0,0,0,0,0,0,10.0,2.117647058823529,1.3529411764705883,1.088235294117647,0.2941176470588235,25.264705882352946,0.4080996884735202,13.264705882352942,1.0,2.2657550199680827,-1.2611579857051105,-0.2486885321020873,0.8603707563051977,6.5588235294117645,6.5588235294117645,2.235294117647059,2.235294117647059,0.9117647058823528,0.9117647058823528,9.852941176470589,9.852941176470589,19.0,19.0,0.9411764705882352,0.9411764705882352,0.2352941176470588,0.2352941176470588,1.0,0.0,0.0,0.0,0.0,0.0,0.0,0.0,False,99,0.3823529411764705,7.0,1,0,0,0,0,0,0,0,0,0.0090625,72.0
cashsw01w,10,0,SEA,WNBA,32,29,1094,390,62,152,214,82,28,16,91,98,355,139,128,102,31,10,1,3,3,116,63,6,10,16,5,7,3,6,10,39,19,25,21,10,4,0,12.1875,6.6875,2.5625,0.875,0.5,34.1875,0.3915492957746478,19.96875,0.90625,4.453255019968083,3.3086949554713603,0.9608702914273244,7.564414873952256,86.47149387614283,11.32258064516129,39.90150847729121,5.387096774193548,20.096931551212855,1.870967741935484,138.79300946918357,18.06451612903226,213.2583047881909,29.90322580645161,6.284266749221683,0.6774193548387096,4.632826297674495,1.032258064516129,7.0,0.0,0.0,0.0,0.0,0.0,0.0,0.0,False,99,0.5882352941176471,2.0,1,0,1,0,0,0,0,1,0,0.12061584908490848,19.0
castriz01w,10,0,ATL,WNBA,34,33,915,488,20,55,75,67,36,2,83,75,445,184,91,71,142,49,0,2,2,51,32,1,2,3,9,0,0,4,5,16,8,17,12,8,4,0,14.352941176470589,2.2058823529411766,1.9705882352941175,1.0588235294117647,0.0588235294117647,26.91176470588235,0.4134831460674157,17.205882352941178,0.9705882352941176,6.618696196438672,-1.172922691587463,0.3689585267214421,4.801547226893433,44.77238496041875,9.275862068965518,11.766686562432266,2.2413793103448274,8.38534357399122,1.793103448275862,60.76799292972427,12.482758620689657,118.0664773333851,23.13793103448276,3.925792433785922,0.9310344827586208,0.5670792611715533,0.2068965517241379,6.0,0.0,0.0,0.0,0.0,0.0,0.0,0.0,False,99,0.5294117647058824,2.5,1,0,0,0,0,0,0,0,0,0.09224242424242424,24.0
catchta01w,10,0,IND,WNBA,34,34,1084,512,86,159,245,107,99,18,88,92,407,157,181,158,122,40,0,10,10,357,172,24,80,104,54,33,14,34,34,122,56,60,51,36,9,1,15.058823529411764,7.205882352941177,3.147058823529412,2.911764705882353,0.5294117647058824,31.88235294117647,0.3857493857493858,26.264705882352946,1.0,7.324578549379847,3.827077308412537,1.545429114956736,13.860370756305198,115.87164915966386,13.28,54.493235294117646,6.28,26.334093137254904,3.32,202.590087535014,22.84,233.89497899159664,27.76,17.7131512605042,1.96,6.542766106442577,0.44,7.0,3.0,0.0,0.0,0.0,0.0,0.0,0.0,False,99,0.6470588235294118,1.0,1,0,6,0,1,0,0,0,0,0.13654247732465555,11.0
chrissh01w,10,0,NYL,WNBA,32,31,1014,514,29,127,156,56,28,27,56,102,383,154,148,128,204,78,1,0,0,0,0,0,0,0,0,0,0,0,0,0,0,0,0,0,0,0,16.0625,4.875,1.75,0.875,0.84375,31.6875,0.402088772845953,22.65625,0.96875,8.328255019968083,1.4961949554713605,0.1483702914273243,10.251914873952256,54.26956471738256,15.741935483870968,15.843309757920764,3.032258064516129,6.963343108504399,1.6451612903225807,74.95345293542637,20.12903225806452,132.61434075096315,30.548387096774192,3.990886090506584,1.1290322580645162,3.190989592317865,0.5483870967741935,5.0,0.0,0.0,0.0,0.0,0.0,0.0,0.0,False,99,0.3823529411764705,7.0,1,0,0,0,0,0,0,0,0,0.16027002164502163,4.0
colemma01w,10,0,WAS,WNBA,28,0,525,171,22,54,76,22,20,9,34,44,159,54,45,34,80,29,0,2,0,53,21,3,7,10,3,4,4,7,3,19,6,5,5,8,4,0,6.107142857142857,2.7142857142857144,0.7857142857142857,0.7142857142857143,0.3214285714285714,18.75,0.3396226415094339,9.428571428571429,0.0,-1.6271021228890603,-0.6645193302429253,-0.8159154228583899,-2.9757636974763155,0.0,0.0,0.0,0.0,0.0,0.0,0.0,0.0,0.0,0.0,0.0,0.0,0.0,0.0,0.0,0.0,0.0,0.0,0.0,0.0,0.0,0.0,True,99,0.4705882352941176,5.0,1,0,0,0,0,0,0,0,0,0.0033333333333333335,78.0
currimo01w,10,0,WAS,WNBA,34,34,728,278,38,108,146,61,29,14,57,83,217,78,127,102,52,20,0,2,2,37,10,8,7,15,1,4,1,3,8,15,2,7,6,3,0,0,8.176470588235293,4.294117647058823,1.7941176470588236,0.8529411764705882,0.4117647058823529,21.41176470588235,0.3594470046082949,13.852941176470589,1.0,0.4422256082033762,0.9153126025301836,0.1924879384861479,1.4486060504228444,32.307400379506646,11.852941176470589,11.932637571157496,4.147058823529412,6.830170777988615,2.5294117647058822,48.49240986717268,17.205882352941178,78.28273244781784,28.58823529411765,2.624288425047438,0.8823529411764706,0.6963946869070209,0.3529411764705882,3.0,0.0,0.0,0.0,0.0,0.0,0.0,0.0,False,99,0.4705882352941176,5.0,1,0,0,0,0,0,0,0,0,0.0033333333333333335,79.0
darlihe01w,10,0,SAS,WNBA,34,13,642,104,14,47,61,100,30,5,40,79,109,27,55,37,44,13,0,3,0,34,4,1,3,4,3,1,0,1,4,5,1,4,2,0,0,0,3.0588235294117645,1.7941176470588236,2.9411764705882355,0.8823529411764706,0.1470588235294117,18.88235294117647,0.2477064220183486,7.647058823529412,0.3823529411764705,-4.675421450620153,-1.584687397469816,1.33954676201556,-4.757276302518332,35.80259885959642,3.4838709677419355,16.92923615118006,2.3548387096774195,23.05520753401977,1.7419354838709675,69.90880916655266,7.290322580645161,167.30515399860013,18.70967741935484,9.23252942217437,1.064516129032258,0.8094582091609017,0.0967741935483871,8.0,0.0,0.0,0.0,0.0,0.0,0.0,0.0,False,99,0.4411764705882353,4.0,1,0,1,0,0,0,0,0,0,0.0033333333333333335,80.0
desouer01w,10,0,ATL,WNBA,34,34,928,402,119,190,309,38,32,44,70,117,322,170,95,62,0,0,1,2,2,54,23,5,9,14,2,4,2,10,10,18,10,4,3,0,0,0,11.823529411764708,9.088235294117649,1.1176470588235294,0.9411764705882352,1.2941176470588236,27.294117647058822,0.5279503105590062,22.205882352941178,1.0,4.089284431732789,5.709430249589007,-0.4839826497491462,9.801547226893431,14.674242424242426,9.333333333333334,10.887310606060606,6.583333333333333,1.2859848484848484,0.6666666666666666,28.10606060606061,18.08333333333333,39.02935606060606,23.08333333333333,1.9081439393939397,1.4166666666666667,2.65625,1.75,3.0,0.0,0.0,0.0,0.0,0.0,0.0,0.0,False,99,0.5294117647058824,2.5,1,0,0,0,0,0,0,0,0,0.05237121212121212,33.0
douglka01w,10,0,IND,WNBA,31,31,1003,547,24,96,120,85,56,7,75,45,459,188,122,105,189,66,0,10,10,361,155,14,21,35,40,14,6,19,14,141,51,43,35,58,18,0,17.64516129032258,3.870967741935484,2.7419354838709675,1.8064516129032255,0.2258064516129032,32.354838709677416,0.4095860566448802,23.870967741935484,1.0,9.910916310290665,0.4921626974068442,1.140305775298292,11.46663261588774,98.15658422459892,15.636363636363637,30.786716959511075,4.090909090909091,20.37087789661319,3.212121212121212,148.80231410746117,21.848484848484848,239.15878055767763,34.36363636363637,12.746124586198116,1.606060606060606,2.377092882607589,0.3333333333333333,8.0,1.0,0.0,0.0,0.0,0.0,0.0,0.0,False,99,0.6470588235294118,1.0,1,0,6,0,0,0,0,0,0,0.18192820339726282,1.0
dupreca01w,10,0,CHI,WNBA,34,34,1186,534,76,192,268,75,35,41,81,54,476,204,130,102,62,24,0,0,0,0,0,0,0,0,0,0,0,0,0,0,0,0,0,0,0,0,15.705882352941176,7.882352941176471,2.2058823529411766,1.0294117647058822,1.2058823529411764,34.88235294117647,0.4285714285714285,25.647058823529413,1.0,7.971637372909258,4.503547896647831,0.604252644368501,13.242723697481669,46.54367201426025,16.323529411764707,21.16755793226381,7.9411764705882355,5.452762923351159,2.294117647058824,72.56595365418895,26.058823529411764,95.9313725490196,32.911764705882355,3.2023172905525845,1.0588235294117647,3.301247771836007,1.3235294117647058,3.0,0.0,0.0,0.0,0.0,0.0,0.0,0.0,False,99,0.4705882352941176,5.0,1,0,0,0,0,0,0,0,0,0.13295328907890788,12.0
fordch01w,10,0,DET,WNBA,29,29,755,249,71,144,215,25,28,13,49,105,227,97,100,55,3,0,1,5,5,148,39,17,33,50,6,7,1,18,23,29,13,16,13,0,0,0,8.586206896551724,7.413793103448276,0.8620689655172413,0.9655172413793104,0.4482758620689655,26.03448275862069,0.4273127753303964,16.586206896551722,1.0,0.8519619165198069,4.034988058919636,-0.7395607430554343,4.181871770503978,67.81650171065493,10.125,60.986137585532745,8.666666666666666,6.517986314760508,0.9166666666666666,135.8836693548387,20.125,173.49511241446726,26.541666666666668,7.376747311827957,1.0,5.058724340175953,0.375,6.0,2.0,0.0,0.0,0.0,0.0,0.0,0.0,False,99,0.5294117647058824,2.5,1,0,3,0,0,0,0,0,0,0.021304924242424243,47.0
fowlesy01w,10,0,CHI,WNBA,24,20,692,270,52,136,188,19,21,35,76,72,172,103,99,64,0,0,1,0,0,0,0,0,0,0,0,0,0,0,0,0,0,0,0,0,0,0,11.25,7.833333333333333,0.7916666666666666,0.875,1.4583333333333333,28.83333333333333,0.5988372093023255,19.041666666666668,0.8333333333333334,3.5157550199680827,4.454528288804694,-0.809963041906009,6.637331540618924,10.470588235294118,10.470588235294118,7.470588235294118,7.470588235294118,0.2941176470588235,0.2941176470588235,19.294117647058822,19.294117647058822,25.294117647058822,25.294117647058822,1.1176470588235294,1.1176470588235294,2.117647058823529,2.117647058823529,1.0,0.0,0.0,0.0,0.0,0.0,0.0,0.0,False,99,0.4705882352941176,5.0,1,0,0,0,0,0,0,0,0,0.045159090909090906,35.0
gardike01w,10,0,CON,WNBA,33,23,596,180,54,89,143,39,25,24,38,57,159,58,89,54,39,10,0,0,0,0,0,0,0,0,0,0,0,0,0,0,0,0,0,0,0,0,5.454545454545454,4.333333333333333,1.181818181818182,0.7575757575757576,0.7272727272727273,18.060606060606062,0.3647798742138364,11.303030303030305,0.696969696969697,-2.279699525486463,0.9545282888046932,-0.4198115267544937,-1.1013048230174416,4.029411764705882,4.029411764705882,3.264705882352941,3.264705882352941,1.2058823529411764,1.2058823529411764,8.235294117647058,8.235294117647058,15.882352941176473,15.882352941176473,0.8529411764705882,0.8529411764705882,0.2058823529411764,0.2058823529411764,1.0,0.0,0.0,0.0,0.0,0.0,0.0,0.0,False,99,0.4705882352941176,5.0,1,0,0,0,0,0,0,0,0,0.0033333333333333335,81.0
grudasa01w,10,0,CON,WNBA,26,25,810,350,66,99,165,35,23,41,68,86,323,151,86,48,0,0,2,0,0,0,0,0,0,0,0,0,0,0,0,0,0,0,0,0,0,0,13.461538461538462,6.346153846153846,1.3461538461538465,0.8846153846153846,1.5769230769230769,31.153846153846157,0.4674922600619195,21.0,0.9615384615384616,5.727293481506544,2.967348801625206,-0.2554758624188293,8.595664873952256,6.225806451612903,6.225806451612903,3.548387096774193,3.548387096774193,0.9032258064516128,0.9032258064516128,10.806451612903226,10.806451612903226,15.35483870967742,15.35483870967742,0.6129032258064516,0.6129032258064516,0.8387096774193549,0.8387096774193549,1.0,0.0,0.0,0.0,0.0,0.0,0.0,0.0,False,99,0.4705882352941176,5.0,1,0,0,0,0,0,0,0,0,0.07518371212121212,31.0
hammobe01w,10,0,SAS,WNBA,31,31,1049,604,25,78,103,156,49,12,111,54,447,200,142,128,206,76,0,3,3,101,55,0,8,8,6,5,0,7,4,41,19,10,9,21,8,0,19.483870967741936,3.3225806451612905,5.032258064516129,1.5806451612903225,0.3870967741935484,33.83870967741935,0.4474272930648769,26.225806451612904,1.0,11.74962598771002,-0.0562243993673492,3.4306283559434534,13.82147132556516,120.46430958747136,17.636363636363637,22.99019607843137,2.757575757575758,28.996602049910877,4.878787878787879,159.19685828877004,23.63636363636364,254.69320569136744,33.36363636363637,10.353569837025718,1.303030303030303,0.7981124267888974,0.2121212121212121,9.0,0.0,0.0,0.0,0.0,0.0,0.0,0.0,False,99,0.4411764705882353,4.0,1,0,1,0,0,0,0,0,0,0.15405162823974705,6.0
hardili01w,10,0,WAS,WNBA,34,34,1194,435,24,111,135,154,43,13,101,68,375,163,119,89,62,20,1,2,2,81,21,1,4,5,8,3,0,10,6,26,10,1,1,3,0,0,12.794117647058824,3.9705882352941178,4.529411764705882,1.2647058823529411,0.3823529411764705,35.11764705882353,0.4346666666666666,19.97058823529412,1.0,5.059872667026907,0.591783190765478,2.927782056133206,7.566253109246372,18.066666666666663,6.416666666666667,6.683333333333334,2.333333333333333,7.066666666666666,3.1666666666666665,29.766666666666666,10.916666666666666,54.725,24.625,2.125,1.125,0.4666666666666667,0.1666666666666666,2.0,0.0,0.0,0.0,0.0,0.0,0.0,0.0,False,99,0.4705882352941176,5.0,1,0,0,0,0,0,0,0,0,0.13175297619047618,14.0
harrokr01w,10,0,LAS,WNBA,31,26,520,97,17,40,57,69,16,0,27,32,111,40,11,9,39,8,0,5,2,59,13,0,1,1,11,2,0,4,1,12,6,0,0,3,1,0,3.129032258064516,1.8387096774193548,2.225806451612903,0.5161290322580645,0.0,16.774193548387096,0.3603603603603603,6.838709677419355,0.8387096774193549,-4.605212721967401,-1.540095367109285,0.6241767430402274,-5.565625448628389,10.982500527092558,4.588235294117647,5.373532925715089,2.411764705882353,7.1461100569259965,2.823529411764706,21.88772928526249,9.382352941176473,58.38217724365732,24.47058823529412,2.1427366645582966,1.1176470588235294,0.1261859582542694,0.0294117647058823,3.0,0.0,0.0,0.0,0.0,0.0,0.0,0.0,False,99,0.5294117647058824,3.0,1,0,3,0,0,0,0,0,0,0.012632438373371017,59.0
hodgero01w,10,0,MIN,WNBA,33,27,902,328,20,79,99,64,21,15,36,54,276,115,33,30,171,68,0,0,0,0,0,0,0,0,0,0,0,0,0,0,0,0,0,0,0,0,9.93939393939394,3.0,1.9393939393939397,0.6363636363636364,0.4545454545454545,27.33333333333333,0.4166666666666667,14.87878787878788,0.8181818181818182,2.205148959362022,-0.3788050445286397,0.3377642308212638,2.4744527527401345,19.60465396672293,7.333333333333333,5.658025882163813,2.0,3.436628888353026,1.2666666666666666,27.773080942046462,10.4,58.062744152399326,18.266666666666666,1.381842295635399,0.3333333333333333,0.2545454545454545,0.1333333333333333,4.0,0.0,0.0,0.0,0.0,0.0,0.0,0.0,False,99,0.4117647058823529,5.0,1,0,0,0,0,0,0,0,0,0.013333333333333334,56.0
hoffmeb01w,10,0,IND,WNBA,34,34,1005,338,56,143,199,52,57,12,82,106,313,122,77,69,72,25,3,10,10,295,119,11,37,48,8,11,5,18,38,85,47,22,19,15,6,0,9.941176470588236,5.852941176470588,1.5294117647058822,1.6764705882352942,0.3529411764705882,29.558823529411764,0.389776357827476,16.941176470588236,1.0,2.206931490556318,2.474136131941948,-0.0722179438667933,4.536841344540491,26.647058823529413,10.363636363636363,23.36345811051693,7.818181818181818,5.150980392156862,1.8484848484848484,54.341711229946526,19.848484848484848,99.0379679144385,30.696969696969692,4.266488413547237,1.4242424242424243,2.257575757575758,0.7878787878787878,5.0,0.0,0.0,0.0,0.0,1.0,0.0,0.0,False,99,0.6470588235294118,1.0,1,0,6,0,0,0,0,0,0,0.01,65.0
holdsch01w,10,0,ATL,WNBA,25,25,708,348,29,80,109,56,34,7,74,60,319,132,93,78,30,6,0,1,0,13,3,2,1,3,0,0,0,3,2,4,1,1,1,1,0,0,13.92,4.36,2.24,1.36,0.28,28.32,0.4137931034482758,19.2,1.0,6.185755019968083,0.9811949554713606,0.6383702914273246,6.795664873952255,125.65838920817367,15.0,59.95839867944815,6.08,18.148456125472617,2.24,197.92337648726144,22.76,236.0101225712901,29.56,9.4524179639978,1.36,3.528271356745869,0.36,7.0,0.0,0.0,0.0,0.0,0.0,0.0,0.0,False,99,0.5294117647058824,2.5,1,0,0,0,0,0,0,0,0,0.13251244588744587,13.0
holtam01w,10,0,CON,WNBA,23,7,380,137,13,61,74,44,9,2,14,39,123,40,53,44,50,13,0,0,0,0,0,0,0,0,0,0,0,0,0,0,0,0,0,0,0,0,5.956521739130435,3.217391304347826,1.9130434782608696,0.391304347826087,0.0869565217391304,16.52173913043478,0.3252032520325203,10.956521739130435,0.3043478260869565,-1.7777232409014827,-0.1614137401808135,0.311413769688194,-1.4478133869173089,6.529411764705882,6.529411764705882,3.088235294117647,3.088235294117647,1.911764705882353,1.911764705882353,11.205882352941176,11.205882352941176,21.0,21.0,0.4411764705882353,0.4411764705882353,0.1470588235294117,0.1470588235294117,1.0,0.0,0.0,0.0,0.0,0.0,0.0,0.0,False,99,0.4705882352941176,5.0,1,0,0,0,0,0,0,0,0,0.009454545454545455,68.0
hornbal01w,10,0,DET,WNBA,32,21,850,213,46,112,158,86,42,9,69,93,213,81,48,26,64,25,2,5,5,177,53,8,22,30,20,9,3,16,19,45,22,6,6,9,3,1,6.65625,4.9375,2.6875,1.3125,0.28125,26.5625,0.380281690140845,13.71875,0.65625,-1.0779949800319173,1.5586949554713605,1.0858702914273244,1.3144148739522556,5.411764705882353,5.411764705882353,4.0588235294117645,4.0588235294117645,2.088235294117647,2.088235294117647,12.735294117647058,12.735294117647058,21.97058823529412,21.97058823529412,2.323529411764706,2.323529411764706,0.2941176470588235,0.2941176470588235,1.0,0.0,0.0,0.0,0.0,0.0,0.0,0.0,False,99,0.5294117647058824,2.5,1,0,3,0,0,0,0,0,0,0.01,66.0
houstch01w,10,0,MIN,WNBA,34,33,792,445,44,142,186,59,43,21,64,107,376,175,99,72,69,23,2,0,0,0,0,0,0,0,0,0,0,0,0,0,0,0,0,0,0,0,13.088235294117649,5.470588235294118,1.7352941176470589,1.2647058823529411,0.6176470588235294,23.294117647058822,0.4654255319148936,20.294117647058822,0.9705882352941176,5.3539903140857295,2.091783190765478,0.1336644090743832,7.889782521011078,8.848484848484848,8.848484848484848,3.696969696969697,3.696969696969697,0.8484848484848485,0.8484848484848485,13.030303030303031,13.030303030303031,17.606060606060606,17.606060606060606,0.9090909090909092,0.9090909090909092,0.3939393939393939,0.3939393939393939,1.0,0.0,0.0,0.0,0.0,0.0,0.0,0.0,False,99,0.4117647058823529,5.0,1,0,0,0,0,0,0,0,0,0.07787418831168831,30.0
jacksla01w,10,0,SEA,WNBA,26,26,843,499,48,134,182,22,38,45,43,97,363,168,143,114,114,49,2,0,0,0,0,0,0,0,0,0,0,0,0,0,0,0,0,0,0,0,19.192307692307693,7.0,0.8461538461538461,1.4615384615384617,1.7307692307692308,32.42307692307692,0.4628099173553719,28.57692307692308,1.0,11.458062712275776,3.62119495547136,-0.7554758624188295,16.172587950875332,155.1944215242979,20.23809523809524,62.97130473182296,7.0,12.310364669682212,1.238095238095238,241.67134210747705,29.61904761904762,262.945177832484,33.04761904761905,9.420026694063203,1.4761904761904765,16.31342250521404,1.5714285714285714,8.0,3.0,0.0,0.0,0.0,0.0,0.0,0.0,False,99,0.5882352941176471,2.0,1,0,1,0,0,0,0,0,0,0.08781818181818181,26.0
januabr01w,10,0,IND,WNBA,33,4,683,227,23,40,63,77,36,3,57,78,192,64,87,74,87,25,1,10,0,228,106,7,17,24,30,4,0,13,23,78,30,40,34,29,12,0,6.878787878787879,1.9090909090909087,2.333333333333333,1.0909090909090908,0.0909090909090909,20.696969696969692,0.3333333333333333,10.575757575757576,0.1212121212121212,-0.8554571012440384,-1.4697141354377306,0.7317036247606579,-1.828577550290168,0.0,0.0,0.0,0.0,0.0,0.0,0.0,0.0,0.0,0.0,0.0,0.0,0.0,0.0,0.0,0.0,0.0,0.0,0.0,0.0,0.0,0.0,True,99,0.6470588235294118,1.0,1,0,6,0,0,0,0,0,0,0.012632438373371017,60.0
jekaban01w,10,0,CON,WNBA,27,16,644,255,12,66,78,59,9,0,48,61,234,97,28,22,99,39,1,0,0,0,0,0,0,0,0,0,0,0,0,0,0,0,0,0,0,0,9.444444444444445,2.888888888888889,2.185185185185185,0.3333333333333333,0.0,23.85185185185185,0.4145299145299145,13.074074074074074,0.5925925925925926,1.7101994644125271,-0.4899161556397509,0.5835554766125095,0.66973894802633,0.0,0.0,0.0,0.0,0.0,0.0,0.0,0.0,0.0,0.0,0.0,0.0,0.0,0.0,0.0,0.0,0.0,0.0,0.0,0.0,0.0,0.0,True,99,0.4705882352941176,5.0,1,0,0,0,0,0,0,0,0,0.012632438373371017,61.0
johnssh01w,10,0,SEA,WNBA,34,6,618,137,14,48,62,52,27,7,52,56,107,36,55,47,61,18,0,3,0,39,7,0,5,5,3,3,0,6,8,9,3,0,0,5,1,1,4.029411764705882,1.8235294117647056,1.5294117647058822,0.7941176470588235,0.2058823529411764,18.176470588235293,0.3364485981308411,6.852941176470588,0.1764705882352941,-3.704833215326035,-1.555275632763934,-0.0722179438667933,-5.5513939495771565,94.00559542844884,7.666666666666667,29.289046224174307,3.242424242424242,38.397689399468334,5.090909090909091,152.229826546003,15.484848484848484,271.9690312849706,30.727272727272727,13.017617700136675,1.5757575757575757,1.5292353914270422,0.2727272727272727,9.0,0.0,0.0,0.0,0.0,0.0,0.0,0.0,False,99,0.5882352941176471,2.0,1,0,1,0,0,0,0,0,0,0.015575757575757576,54.0
johnste01w,10,0,PHO,WNBA,34,34,901,328,8,112,120,157,29,4,76,79,281,125,50,42,87,36,1,11,11,267,83,4,17,21,34,8,2,17,27,76,30,12,10,27,13,0,9.647058823529411,3.5294117647058822,4.617647058823529,0.8529411764705882,0.1176470588235294,26.5,0.4448398576512455,16.529411764705884,1.0,1.912813843497494,0.1506067201772425,3.0160173502508534,4.12507663865814,27.771005289467567,4.173913043478261,10.596002383166706,1.8695652173913044,16.051361601953033,3.0869565217391304,49.987902522669145,8.652173913043478,89.68187630783538,17.08695652173913,4.533618635201116,1.0434782608695652,0.2385273773541037,0.0869565217391304,4.0,1.0,0.0,0.0,0.0,0.0,0.0,0.0,False,99,0.6764705882352942,1.0,1,0,7,0,0,0,0,0,0,0.02,48.0
johnsvi01w,10,0,SAS,WNBA,32,32,737,204,23,85,108,77,16,4,39,40,185,80,27,23,56,21,0,3,3,90,46,3,6,9,14,5,0,3,6,25,18,6,5,7,5,0,6.375,3.375,2.40625,0.5,0.125,23.03125,0.4324324324324324,11.5625,1.0,-1.3592449800319173,-0.0038050445286397,0.8046202914273244,-0.8418351260477444,92.7990037950664,6.65625,36.27041034155598,5.28125,27.322157653383936,3.59375,150.99206989247313,14.96875,276.87195208728656,27.875,7.761772612270715,0.8125,1.3216951296647692,0.15625,9.0,0.0,0.0,0.0,0.0,0.0,0.0,0.0,False,99,0.4411764705882353,4.0,1,0,1,0,0,0,0,0,0,0.029157515751575158,43.0
jonesas01w,10,0,CON,WNBA,23,23,727,384,43,93,136,56,20,13,49,79,339,159,80,61,16,5,1,0,0,0,0,0,0,0,0,0,0,0,0,0,0,0,0,0,0,0,16.695652173913043,5.913043478260869,2.4347826086956523,0.8695652173913043,0.5652173913043478,31.608695652173918,0.4690265486725664,24.347826086956523,1.0,8.961407193881126,2.534238433732229,0.8331529001229767,11.94349096090878,74.450623885918,17.0,31.462355169340466,6.090909090909091,11.071078431372548,2.4545454545454546,111.80245098039217,24.696969696969692,166.4822192513369,29.181818181818183,3.883968360071301,0.6060606060606061,4.150857843137255,0.7878787878787878,7.0,0.0,0.0,0.0,0.0,0.0,0.0,0.0,False,99,0.4705882352941176,5.0,1,0,0,0,0,0,0,0,0,0.12130253739659681,18.0
kraayca01w,10,0,NYL,WNBA,34,26,888,307,32,123,155,32,22,13,66,76,264,105,49,37,144,60,0,0,0,0,0,0,0,0,0,0,0,0,0,0,0,0,0,0,0,0,9.029411764705882,4.5588235294117645,0.9411764705882352,0.6470588235294118,0.3823529411764705,26.11764705882353,0.3977272727272727,13.617647058823527,0.7647058823529411,1.295166784673965,1.1800184848831248,-0.6604532379844403,1.2133119327757846,33.1764705882353,9.588235294117649,16.911764705882355,6.147058823529412,4.176470588235294,1.4411764705882353,52.08823529411765,17.147058823529413,94.79411764705884,28.264705882352946,2.4705882352941178,0.8235294117647058,2.264705882352941,0.7647058823529411,4.0,0.0,0.0,0.0,0.0,0.0,0.0,0.0,False,99,0.3823529411764705,7.0,1,0,0,0,0,0,0,0,0,0.0033333333333333335,82.0
langhcr01w,10,0,WAS,WNBA,34,22,1013,408,101,167,268,29,34,13,76,74,284,163,119,82,2,0,0,2,2,79,33,5,15,20,1,1,1,6,6,20,14,8,5,0,0,0,12.0,7.882352941176471,0.8529411764705882,1.0,0.3823529411764705,29.794117647058822,0.573943661971831,19.88235294117647,0.6470588235294118,4.265755019968083,4.503547896647831,-0.7486885321020874,7.478017815128727,4.823529411764706,4.823529411764706,4.0,4.0,0.4411764705882353,0.4411764705882353,8.823529411764707,8.823529411764707,15.558823529411764,15.558823529411764,0.4411764705882353,0.4411764705882353,0.1764705882352941,0.1764705882352941,1.0,0.0,0.0,0.0,0.0,0.0,0.0,0.0,False,99,0.4705882352941176,5.0,1,0,0,0,0,0,1,0,0,0.03849242424242424,36.0
lawsoed01w,10,0,SAS,WNBA,33,12,583,172,9,57,66,74,29,1,29,53,151,58,18,15,113,41,0,3,3,75,32,4,5,9,6,2,0,3,6,18,12,0,0,13,8,0,5.212121212121212,2.0,2.242424242424242,0.8787878787878788,0.0303030303030303,17.666666666666668,0.3841059602649007,9.484848484848484,0.3636363636363636,-2.5221237679107054,-1.3788050445286395,0.6407945338515666,-2.91948664119926,6.457767722473605,3.333333333333333,2.252790346907994,1.0333333333333334,2.217345399698341,0.8666666666666667,9.84977375565611,4.8,24.07767722473605,9.333333333333334,1.0945701357466064,0.4,0.0972850678733031,0.0,3.0,0.0,0.0,0.0,0.0,0.0,0.0,0.0,False,99,0.4411764705882353,4.0,1,0,1,0,0,0,0,0,0,0.012632438373371017,62.0
lawsoka01w,10,0,SAC,WNBA,25,5,604,220,11,42,53,63,16,1,35,24,200,76,33,31,110,37,0,0,0,0,0,0,0,0,0,0,0,0,0,0,0,0,0,0,0,0,8.8,2.12,2.52,0.64,0.04,24.16,0.38,12.72,0.2,1.0657550199680834,-1.2588050445286396,0.9183702914273244,0.3156648739522563,55.77757352941176,12.21875,13.613970588235292,2.5625,10.900122549019608,2.09375,77.21446078431373,16.3125,138.80821078431373,25.90625,3.9166666666666665,0.875,0.9227941176470588,0.0625,6.0,0.0,0.0,0.0,0.0,0.0,0.0,0.0,False,99,0.3529411764705882,6.0,1,0,0,0,0,0,0,0,0,0.012632438373371017,63.0
lehnish01w,10,0,ATL,WNBA,34,20,707,102,19,60,79,127,18,3,54,44,93,36,31,24,30,6,0,0,0,0,0,0,0,0,0,0,0,0,0,0,0,0,0,0,0,0,3.0,2.323529411764706,3.735294117647059,0.5294117647058824,0.088235294117647,20.794117647058822,0.3870967741935484,8.088235294117647,0.5882352941176471,-4.734244980031917,-1.0552756327639337,2.1336644090743837,-4.316099831930098,0.0,0.0,0.0,0.0,0.0,0.0,0.0,0.0,0.0,0.0,0.0,0.0,0.0,0.0,0.0,0.0,0.0,0.0,0.0,0.0,0.0,0.0,True,99,0.5294117647058824,2.5,1,0,0,0,0,0,0,0,0,0.019299105040037682,49.0
lennobe01w,10,0,LAS,WNBA,30,13,640,306,33,103,136,54,26,4,70,70,268,111,66,59,83,25,0,6,0,128,74,2,16,18,9,5,0,11,11,58,24,15,15,25,11,0,10.2,4.533333333333333,1.8,0.8666666666666667,0.1333333333333333,21.33333333333333,0.4141791044776119,15.2,0.4333333333333333,2.465755019968082,1.1545282888046935,0.1983702914273244,2.795664873952255,115.4916168390433,17.5,38.23542817476641,4.205882352941177,18.50567263618734,2.3823529411764706,160.1434925368749,22.147058823529413,232.2678497972616,29.705882352941178,9.69232054709996,1.3235294117647058,1.6095154845154849,0.088235294117647,9.0,2.0,0.0,0.0,0.0,0.0,0.0,0.0,False,99,0.5294117647058824,3.0,1,0,3,0,0,0,0,0,0,0.035278727872787276,40.0
leslili01w,10,0,LAS,WNBA,23,21,638,354,56,95,151,49,16,33,59,75,278,144,90,65,6,1,1,6,6,208,100,19,36,55,12,8,9,13,26,84,38,39,24,0,0,1,15.391304347826088,6.565217391304348,2.130434782608696,0.6956521739130435,1.434782608695652,27.73913043478261,0.5179856115107914,23.65217391304348,0.9130434782608696,7.65705936779417,3.186412346775708,0.5288050740360202,11.247838786995732,140.52136115507022,15.06060606060606,75.16123672789274,8.878787878787879,19.65502990052326,2.4242424242424243,240.31409377789112,27.181818181818183,262.90211484950987,32.09090909090909,11.323246203683563,1.4848484848484849,19.831631584802736,2.9393939393939394,8.0,8.0,0.0,1.0,0.0,0.0,0.0,0.0,False,99,0.5294117647058824,3.0,1,0,3,0,0,0,0,0,0,0.09448484848484848,23.0
littlca01w,10,0,SEA,WNBA,34,34,1044,341,75,147,222,35,39,13,67,118,263,124,126,86,27,7,1,3,3,102,23,1,9,10,3,2,2,4,14,25,10,2,2,6,1,0,10.029411764705882,6.529411764705882,1.0294117647058822,1.1470588235294117,0.3823529411764705,30.705882352941178,0.4714828897338403,17.147058823529413,1.0,2.295166784673965,3.1506067201772425,-0.5722179438667934,4.742723697481669,18.388425815670395,9.736842105263158,11.915932364848771,4.368421052631579,2.789830912121934,1.4210526315789471,32.09930935937128,14.578947368421051,61.1749226006192,23.26315789473684,2.598952131459871,0.9473684210526316,1.1777804239104548,0.3157894736842105,3.0,0.0,0.0,0.0,0.0,0.0,0.0,0.0,False,99,0.5882352941176471,2.0,1,0,1,0,0,0,0,0,0,0.022395833333333334,46.0
lyttlsa01w,10,0,ATL,WNBA,34,31,931,443,72,182,254,51,68,22,64,105,363,184,101,75,1,0,2,2,2,51,17,3,7,10,4,4,0,4,8,17,7,7,3,1,0,0,13.029411764705882,7.470588235294118,1.5,2.0,0.6470588235294118,27.38235294117647,0.5068870523415978,22.764705882352946,0.9117647058823528,5.295166784673965,4.091783190765478,-0.1016297085726756,10.360370756305198,22.023044684891182,8.222222222222221,19.231458073504797,6.222222222222222,2.6476444084897923,0.8888888888888888,46.20021497885792,16.703703703703702,61.47653397152841,18.11111111111111,4.143159440156103,1.4814814814814814,1.8740014157144305,1.0,4.0,0.0,0.0,0.0,0.0,0.0,0.0,0.0,False,99,0.5294117647058824,2.5,1,0,0,0,0,0,0,0,0,0.0371875,38.0
maigaha01w,10,0,SAC,WNBA,34,5,676,303,34,55,89,37,31,8,52,76,255,124,77,55,1,0,0,0,0,0,0,0,0,0,0,0,0,0,0,0,0,0,0,0,0,0,8.911764705882353,2.617647058823529,1.088235294117647,0.9117647058823528,0.2352941176470588,19.88235294117647,0.4862745098039215,12.235294117647058,0.1470588235294117,1.177519725850436,-0.7611579857051103,-0.5133944144550286,-0.1690410084006863,33.65274623075135,7.769230769230769,16.795038720869922,3.269230769230769,7.292373866542665,1.5,56.00363958292347,11.923076923076923,111.45271224938745,22.692307692307693,6.91605708869136,1.2692307692307692,1.2349185341512707,0.3076923076923077,7.0,0.0,0.0,0.0,0.0,0.0,0.0,0.0,False,99,0.3529411764705882,6.0,1,0,0,0,0,0,0,0,0,0.0033333333333333335,83.0
mccarja01w,10,0,NYL,WNBA,32,32,848,393,63,112,175,88,41,44,86,79,301,151,107,90,3,1,1,0,0,0,0,0,0,0,0,0,0,0,0,0,0,0,0,0,0,0,12.28125,5.46875,2.75,1.28125,1.375,26.5,0.5016611295681063,20.46875,1.0,4.547005019968083,2.0899449554713603,1.1483702914273244,8.064414873952256,30.403725038402456,13.709677419354838,16.38364055299539,5.419354838709677,4.480222734254992,2.129032258064516,50.9644777265745,21.387096774193548,72.61930683563749,26.32258064516129,3.6656009984639017,1.4516129032258065,2.380376344086021,0.8387096774193549,4.0,1.0,0.0,0.0,0.0,0.0,0.0,0.0,False,99,0.3823529411764705,7.0,1,0,0,0,0,0,0,0,0,0.10942753739659679,22.0
mccouan01w,10,0,ATL,WNBA,34,10,735,435,35,70,105,71,74,12,72,92,336,160,135,100,51,15,2,2,2,58,38,1,10,11,6,2,0,12,7,31,15,6,4,7,4,0,12.794117647058824,3.088235294117647,2.088235294117647,2.176470588235294,0.3529411764705882,21.61764705882353,0.4761904761904761,18.38235294117647,0.2941176470588235,5.059872667026907,-0.2905697504109925,0.4866055855449716,5.978017815128727,0.0,0.0,0.0,0.0,0.0,0.0,0.0,0.0,0.0,0.0,0.0,0.0,0.0,0.0,0.0,0.0,0.0,0.0,0.0,0.0,0.0,0.0,True,99,0.5294117647058824,2.5,1,0,0,0,0,1,0,0,0,0.03,42.0
mcwilta01w,10,0,DET,WNBA,34,34,1032,332,65,160,225,98,33,16,66,86,283,139,68,51,15,3,0,5,5,134,38,6,16,22,9,5,2,13,18,28,18,2,1,1,1,0,9.764705882352942,6.617647058823529,2.8823529411764706,0.9705882352941176,0.4705882352941176,30.352941176470587,0.4911660777385159,18.764705882352946,1.0,2.0304609023210247,3.2388420142948893,1.280723232603795,6.360370756305198,108.38217253081604,13.346153846153848,63.982685481354345,7.346153846153846,15.816210602278046,1.5769230769230769,191.1339912622874,22.03846153846154,284.5796974957091,33.15384615384615,12.653465829302544,1.6923076923076923,9.602356061788113,0.9615384615384616,9.0,0.0,0.0,0.0,0.0,0.0,0.0,0.0,False,99,0.5294117647058824,2.5,1,0,3,0,0,0,0,0,0,0.1387310606060606,9.0
melvich01w,10,0,WAS,WNBA,34,33,756,201,79,79,158,36,34,29,50,101,188,84,61,33,1,0,0,2,2,45,17,2,4,6,4,2,1,7,10,12,7,3,3,0,0,1,5.911764705882353,4.647058823529412,1.0588235294117647,1.0,0.8529411764705882,22.235294117647054,0.4468085106382978,12.0,0.9705882352941176,-1.822480274149564,1.2682537790007724,-0.5428061791609109,-0.4043351260477443,97.34906280519871,8.176470588235293,51.472846705732096,5.0588235294117645,12.96227274434678,1.4705882352941178,157.91447627901735,14.470588235294118,256.64670432349186,22.323529411764707,7.8618224588686045,0.9117647058823528,5.123272105777176,0.2941176470588235,9.0,0.0,0.0,0.0,0.0,0.0,0.0,0.0,False,99,0.4705882352941176,5.0,1,0,0,0,0,0,0,0,0,0.02473327332733273,44.0
milleke01w,10,0,MIN,WNBA,34,25,675,150,19,55,74,67,24,2,50,56,149,54,22,20,66,22,0,0,0,0,0,0,0,0,0,0,0,0,0,0,0,0,0,0,0,0,4.411764705882353,2.176470588235294,1.9705882352941175,0.7058823529411765,0.0588235294117647,19.852941176470587,0.3624161073825503,7.852941176470588,0.7352941176470589,-3.322480274149564,-1.2023344562933458,0.3689585267214421,-4.5513939495771565,63.4662152254064,8.323529411764707,25.094079939668173,4.352941176470588,20.992369490531253,3.9705882352941178,103.4243966817496,14.941176470588236,193.202729596112,27.794117647058822,6.747161471426177,0.6470588235294118,0.7828839869281046,0.1176470588235294,8.0,1.0,0.0,0.0,0.0,0.0,0.0,0.0,False,99,0.4117647058823529,5.0,1,0,0,0,0,0,0,0,0,0.01890909090909091,50.0
miltode01w,10,0,LAS,WNBA,33,33,1043,338,51,106,157,71,41,8,74,84,322,129,74,56,82,24,1,6,6,190,54,16,19,35,15,10,1,13,14,57,20,16,10,13,4,0,10.242424242424242,4.757575757575758,2.1515151515151514,1.2424242424242424,0.2424242424242424,31.60606060606061,0.4006211180124223,16.393939393939394,1.0,2.508179262392325,1.378770713047118,0.5498854429424758,3.98960426789165,110.46593036595246,13.903225806451612,52.557736314661824,6.32258064516129,17.169363124216517,2.3548387096774195,177.2095771791138,21.06451612903226,285.11526430742146,32.774193548387096,13.135119293041576,1.096774193548387,7.73802363498598,0.5806451612903226,9.0,0.0,0.0,0.0,0.0,0.0,0.0,0.0,False,99,0.5294117647058824,3.0,1,0,3,0,0,0,0,0,0,0.051553349084908495,34.0
montgre01w,10,0,MIN,WNBA,34,9,764,306,15,51,66,72,25,9,66,37,250,102,72,60,121,42,0,0,0,0,0,0,0,0,0,0,0,0,0,0,0,0,0,0,0,0,9.0,1.9411764705882355,2.117647058823529,0.7352941176470589,0.2647058823529412,22.47058823529412,0.408,12.117647058823527,0.2647058823529412,1.2657550199680827,-1.4376285739404044,0.5160173502508538,-0.2866880672242153,0.0,0.0,0.0,0.0,0.0,0.0,0.0,0.0,0.0,0.0,0.0,0.0,0.0,0.0,0.0,0.0,0.0,0.0,0.0,0.0,0.0,0.0,True,99,0.4117647058823529,5.0,1,0,0,0,0,0,0,0,0,0.0033333333333333335,84.0
mooreje01w,10,0,IND,WNBA,31,9,613,148,40,56,96,14,19,6,32,85,121,57,46,34,1,0,0,10,0,120,22,9,8,17,3,5,2,3,24,24,8,8,6,0,0,1,4.774193548387097,3.096774193548387,0.4516129032258064,0.6129032258064516,0.1935483870967742,19.774193548387096,0.4710743801652892,8.096774193548388,0.2903225806451613,-2.9600514316448203,-0.2820308509802527,-1.1500168053468691,-4.3075609324993565,10.49109919830001,1.3928571428571428,8.05731189027335,1.6071428571428572,2.000381531923114,0.6071428571428571,19.560509031198688,3.321428571428572,52.680677098425576,11.035714285714286,1.2634791847773592,0.1428571428571428,0.6501738626485076,0.1785714285714285,4.0,0.0,0.0,0.0,0.0,0.0,0.0,0.0,False,99,0.6470588235294118,1.0,1,0,6,0,0,0,0,0,0,0.0,86.0
moorelo01w,10,0,NYL,WNBA,34,32,941,215,19,106,125,133,66,2,78,55,233,78,48,33,100,26,0,0,0,0,0,0,0,0,0,0,0,0,0,0,0,0,0,0,0,0,6.323529411764706,3.676470588235294,3.911764705882353,1.9411764705882355,0.0588235294117647,27.676470588235293,0.334763948497854,13.617647058823527,0.9411764705882352,-1.4107155682672117,0.2976655437066542,2.310134997309677,1.2133119327757846,21.96230561189993,5.310344827586207,13.281186612576064,3.8620689655172415,13.725743745774173,4.551724137931035,46.9618830290737,12.724137931034482,97.68576741041244,27.89655172413793,5.933908045977011,1.5172413793103448,0.579107505070994,0.1379310344827586,4.0,0.0,0.0,0.0,0.0,0.0,0.0,0.0,False,99,0.3823529411764705,7.0,1,0,0,0,0,0,0,0,0,0.01596577170670435,53.0
nolande01w,10,0,DET,WNBA,33,33,1113,559,36,105,141,116,44,10,73,91,525,214,116,91,123,40,1,5,5,190,108,5,3,8,16,9,2,18,18,98,39,23,21,28,9,0,16.939393939393938,4.2727272727272725,3.515151515151515,1.3333333333333333,0.303030303030303,33.72727272727273,0.4076190476190476,24.151515151515152,1.0,9.20514895936202,0.8939222281986328,1.9135218065788395,11.747180025467408,103.521148989899,15.823529411764708,29.458618043176862,3.911764705882353,24.54432189542484,4.411764705882353,152.60348583877996,23.529411764705884,245.55673153099625,33.64705882352941,10.421296296296296,1.2352941176470589,2.7824940582293523,0.2941176470588235,8.0,1.0,0.0,0.0,0.0,0.0,0.0,0.0,False,99,0.5294117647058824,2.5,1,0,3,0,0,0,0,0,0,0.14222284625440568,7.0
parkeca01w,10,0,LAS,WNBA,25,24,815,328,60,184,244,64,15,53,55,53,270,131,80,61,24,5,1,6,6,211,108,21,43,64,10,5,11,10,23,71,38,44,31,4,1,1,13.12,9.76,2.56,0.6,2.12,32.6,0.4851851851851851,25.96,0.96,5.385755019968082,6.38119495547136,0.9583702914273244,13.555664873952256,18.484848484848484,18.484848484848484,9.484848484848484,9.484848484848484,3.4242424242424243,3.4242424242424243,32.121212121212125,32.121212121212125,33.60606060606061,33.60606060606061,1.2727272727272727,1.2727272727272727,2.272727272727273,2.272727272727273,1.0,1.0,1.0,0.0,1.0,0.0,0.0,0.0,False,99,0.5294117647058824,3.0,1,0,3,0,0,0,0,0,0,0.1367370612061206,10.0
penicti01w,10,0,SAC,WNBA,30,28,724,148,12,69,81,155,30,4,64,45,139,45,70,57,9,1,0,0,0,0,0,0,0,0,0,0,0,0,0,0,0,0,0,0,0,0,4.933333333333334,2.7,5.166666666666667,1.0,0.1333333333333333,24.133333333333333,0.3237410071942446,11.8,0.9333333333333332,-2.800911646698584,-0.6788050445286395,3.565036958093992,-0.6043351260477436,58.4451498682477,8.606060606060606,28.66986795706425,3.0,52.52585445245292,5.212121212121212,136.81899461365575,16.333333333333332,262.2555466751918,25.939393939393938,17.151842110361933,2.0303030303030303,1.0672668177943114,0.1212121212121212,9.0,0.0,0.0,0.0,0.0,0.0,0.0,0.0,False,99,0.3529411764705882,6.0,1,0,0,0,0,0,0,0,0,0.022490849084908494,45.0
perkiji01w,10,0,CHI,WNBA,34,34,931,450,28,88,116,100,73,6,55,78,379,158,123,104,78,30,0,0,0,0,0,0,0,0,0,0,0,0,0,0,0,0,0,0,0,0,13.235294117647058,3.411764705882353,2.9411764705882355,2.147058823529412,0.1764705882352941,27.38235294117647,0.41688654353562,20.294117647058822,1.0,5.501049137615141,0.032959661353713,1.33954676201556,7.889782521011078,43.06755793226381,16.970588235294116,12.39607843137255,4.029411764705882,9.39625668449198,2.823529411764706,65.624064171123,24.205882352941178,98.44385026737967,31.852941176470587,5.797504456327986,1.8823529411764703,1.2395721925133691,0.2941176470588235,4.0,0.0,0.0,0.0,0.0,0.0,0.0,0.0,False,99,0.4705882352941176,5.0,1,0,0,0,0,0,0,0,0,0.12518371212121213,16.0
philler01w,10,0,CON,WNBA,32,18,740,258,30,73,103,66,43,3,43,52,225,86,64,52,116,34,0,0,0,0,0,0,0,0,0,0,0,0,0,0,0,0,0,0,0,0,8.0625,3.21875,2.0625,1.34375,0.09375,23.125,0.3822222222222222,13.4375,0.5625,0.3282550199680827,-0.1600550445286397,0.4608702914273244,1.0331648739522556,5.352941176470588,5.352941176470588,2.147058823529412,2.147058823529412,2.3529411764705883,2.3529411764705883,9.647058823529411,9.647058823529411,18.08823529411765,18.08823529411765,0.8529411764705882,0.8529411764705882,0.0588235294117647,0.0588235294117647,1.0,0.0,0.0,0.0,0.0,0.0,0.0,0.0,False,99,0.4705882352941176,5.0,1,0,0,0,0,0,0,0,0,0.009454545454545455,69.0
pondeca01w,10,0,PHO,WNBA,34,34,1075,648,32,112,144,171,31,12,86,99,513,236,151,133,120,43,0,11,11,340,200,11,29,40,39,13,0,16,26,164,76,44,39,36,9,0,19.058823529411764,4.235294117647059,5.029411764705882,0.9117647058823528,0.3529411764705882,31.61764705882353,0.4600389863547758,27.058823529411764,1.0,11.324578549379847,0.8564890731184192,3.427782056133206,14.65448840336402,57.88004032258064,21.21875,10.675403225806452,3.71875,11.248991935483872,4.21875,77.08467741935485,27.59375,95.81754032258064,31.3125,3.279233870967742,1.1875,0.5393145161290323,0.15625,3.0,1.0,0.0,0.0,0.0,0.0,0.0,0.0,False,99,0.6764705882352942,1.0,1,0,7,0,0,0,0,0,0,0.13135133513351335,15.0
powelni01w,10,0,SAC,WNBA,34,34,1035,567,51,149,200,77,49,8,84,62,476,198,96,94,212,77,0,0,0,0,0,0,0,0,0,0,0,0,0,0,0,0,0,0,0,0,16.676470588235293,5.882352941176471,2.264705882352941,1.4411764705882353,0.2352941176470588,30.44117647058824,0.4159663865546218,24.029411764705884,1.0,8.942225608203376,2.5035478966478317,0.6630761737802655,11.62507663865814,51.02277039848197,13.617647058823527,19.819734345351044,4.411764705882353,7.192599620493358,1.3529411764705883,77.96774193548387,18.91176470588235,124.26944971537002,27.764705882352946,5.454459203036054,1.1764705882352942,1.5702087286527515,0.1764705882352941,5.0,0.0,0.0,0.0,0.0,0.0,0.0,0.0,False,99,0.3529411764705882,6.0,1,0,0,0,0,0,0,0,0,0.17036742424242424,2.0
quinnno01w,10,0,LAS,WNBA,34,9,929,284,33,89,122,118,40,11,51,59,244,115,37,30,77,24,0,6,4,158,29,5,14,19,23,7,3,19,10,38,10,8,8,10,1,0,8.352941176470589,3.588235294117647,3.4705882352941178,1.1764705882352942,0.3235294117647059,27.323529411764707,0.4713114754098361,15.411764705882351,0.2647058823529412,0.6186961964386715,0.2094302495890074,1.868958526721442,3.007429579834609,6.4485294117647065,3.625,4.773897058823529,2.15625,6.884191176470588,2.53125,16.652573529411764,7.59375,36.36213235294117,16.65625,1.5091911764705883,0.65625,0.4448529411764705,0.0625,2.0,0.0,0.0,0.0,0.0,0.0,0.0,0.0,False,99,0.5294117647058824,3.0,1,0,3,0,0,0,0,0,0,0.013333333333333334,57.0
rileyru01w,10,0,SAS,WNBA,31,17,650,163,35,105,140,28,14,45,35,90,147,68,26,23,18,4,4,3,0,44,12,4,3,7,1,1,4,1,7,8,4,6,4,0,0,0,5.258064516129032,4.516129032258065,0.9032258064516128,0.4516129032258064,1.4516129032258065,20.967741935483872,0.4625850340136054,11.451612903225806,0.5483870967741935,-2.4761804639028853,1.1373239877294252,-0.6984039021210627,-0.9527222228219384,59.13635849444673,5.1,37.40229158096805,3.6,10.10487625119978,1.0333333333333334,108.176468874263,9.833333333333334,201.43937937062933,19.33333333333333,5.444433874948581,0.4666666666666667,12.44757815713698,1.3666666666666667,8.0,1.0,0.0,0.0,0.0,0.0,0.0,0.0,False,99,0.4411764705882353,4.0,1,0,1,0,0,0,0,0,0,0.015278727872787279,55.0
sanfona01w,10,0,WAS,WNBA,34,13,663,213,55,92,147,22,26,14,73,109,164,77,102,59,0,0,1,2,0,35,10,3,2,5,3,0,1,2,10,7,5,2,0,0,0,1,6.264705882352941,4.323529411764706,0.6470588235294118,0.7647058823529411,0.4117647058823529,19.5,0.4695121951219512,10.264705882352942,0.3823529411764705,-1.4695390976789762,0.944724367236066,-0.9545708850432638,-2.1396292436948023,38.21087216248507,6.735294117647059,26.92852624920936,5.676470588235294,3.773455618806663,1.1764705882352942,65.28775739686556,12.088235294117649,118.44577974559,23.38235294117647,3.362780237543046,0.6176470588235294,2.8058893808419425,0.3235294117647059,6.0,0.0,0.0,0.0,0.0,0.0,0.0,0.0,False,99,0.4705882352941176,5.0,1,0,0,0,0,0,0,0,0,0.0,87.0
smithka01w,10,0,DET,WNBA,27,27,894,369,13,50,63,76,21,2,62,69,294,128,61,56,132,57,2,0,0,0,0,0,0,0,0,0,0,0,0,0,0,0,0,0,0,0,13.666666666666666,2.333333333333333,2.814814814814815,0.7777777777777778,0.074074074074074,33.111111111111114,0.4353741496598639,17.37037037037037,1.0,5.932421686634749,-1.0454717111953062,1.2131851062421393,4.966035244322626,159.3051500336352,14.705882352941176,31.17793399725841,2.764705882352941,27.9026070456233,4.029411764705882,208.08500742512996,20.176470588235293,347.4186644840804,33.88235294117647,9.244638794400055,0.9411764705882352,1.6499900046327731,0.088235294117647,10.0,0.0,0.0,0.0,0.0,0.0,0.0,1.0,False,99,0.5294117647058824,2.5,1,0,3,0,0,0,0,0,0,0.12279784866440013,17.0
smithta01w,10,0,PHO,WNBA,34,34,920,336,35,148,183,27,34,57,37,107,304,137,23,20,93,42,4,11,11,290,109,14,50,64,9,15,9,7,38,76,40,12,9,38,20,0,9.882352941176473,5.382352941176471,0.7941176470588235,1.0,1.6764705882352942,27.058823529411764,0.4506578947368421,17.647058823529413,1.0,2.1481079611445537,2.0035478966478317,-0.8075120615138521,5.242723697481669,112.12939516129032,11.08,50.620585863377606,7.04,12.082286527514231,1.12,179.68817125237192,19.88,269.6188519924099,28.88,10.37361717267552,1.12,11.524978652751424,1.16,9.0,0.0,0.0,0.0,0.0,0.0,0.0,0.0,False,99,0.6764705882352942,1.0,1,0,7,0,0,0,0,0,0,0.08379577332733273,28.0
snellbe01w,10,0,SAS,WNBA,30,6,553,187,21,49,70,37,27,3,29,50,182,61,29,23,137,42,0,1,0,7,0,0,2,2,1,0,0,0,0,2,0,0,0,2,0,0,6.233333333333333,2.333333333333333,1.2333333333333334,0.9,0.1,18.433333333333334,0.3351648351648351,9.833333333333334,0.2,-1.500911646698584,-1.0454717111953062,-0.3682963752393422,-2.5710017927144104,10.15,3.566666666666667,4.633333333333334,1.5333333333333334,3.0,1.4666666666666666,17.866666666666667,6.766666666666667,31.06666666666667,11.433333333333334,1.5166666666666666,0.6666666666666666,0.2833333333333333,0.1333333333333333,3.0,0.0,0.0,0.0,0.0,0.0,0.0,0.0,False,99,0.4411764705882353,4.0,1,0,1,0,0,0,0,0,0,0.009454545454545455,70.0
suttota01w,10,0,IND,WNBA,27,25,680,266,44,114,158,23,15,40,49,76,204,95,102,76,0,0,2,10,10,311,143,15,41,56,5,9,14,30,30,106,56,45,31,0,0,0,9.851851851851851,5.851851851851852,0.8518518518518519,0.5555555555555556,1.4814814814814814,25.185185185185187,0.4656862745098039,16.77777777777778,0.925925925925926,2.117606871819934,2.4730468073232124,-0.7497778567208238,4.373442651730034,81.00360732067122,11.787878787878787,45.38084047882476,6.303030303030303,4.206349114881062,0.5151515151515151,133.41503319196016,18.848484848484848,209.37476373778352,28.96969696969697,6.485468144938226,0.6060606060606061,12.05984541151884,1.7272727272727273,8.0,0.0,0.0,0.0,0.0,0.0,0.0,0.0,False,99,0.6470588235294118,1.0,1,0,6,0,0,0,0,0,0,0.03194539453945395,41.0
tauradi01w,10,0,PHO,WNBA,31,31,976,631,18,160,178,109,36,43,82,95,434,200,170,152,194,79,0,11,11,362,245,9,56,65,42,8,14,33,41,182,82,56,50,85,31,2,20.35483870967742,5.741935483870968,3.5161290322580645,1.1612903225806452,1.3870967741935485,31.483870967741936,0.4608294930875576,29.516129032258064,1.0,12.620593729645504,2.363130439342328,1.9144993236853889,17.11179390621032,101.53771167557932,24.11764705882353,21.429979946524064,5.0588235294117645,20.356116310160427,3.5588235294117645,141.09714795008912,33.0,164.00183823529412,31.852941176470587,6.41070632798574,1.3529411764705883,4.793337789661319,1.3529411764705883,5.0,1.0,0.0,0.0,0.0,0.0,0.0,0.0,False,99,0.6764705882352942,1.0,1,0,7,1,0,0,0,0,1,0.1169840820943762,21.0
thompti01w,10,0,LAS,WNBA,34,34,1182,441,46,153,199,78,26,24,94,71,395,152,98,85,141,52,0,6,6,218,91,16,26,42,17,5,4,15,16,74,28,24,23,26,12,0,12.970588235294118,5.852941176470588,2.294117647058824,0.7647058823529411,0.7058823529411765,34.76470588235294,0.3848101265822785,19.823529411764707,1.0,5.2363432552622005,2.474136131941948,0.6924879384861478,7.419194285716962,155.41706510190284,18.066666666666663,57.924669038703016,6.933333333333334,17.698790762989546,2.1333333333333333,220.18049566643637,25.166666666666668,312.53653191382654,35.8,8.491818750046438,1.1,6.139134002407329,0.6666666666666666,9.0,1.0,0.0,0.0,0.0,0.0,0.0,0.0,False,99,0.5294117647058824,3.0,1,0,3,0,0,0,0,0,0,0.1587870670995671,5.0
thorner01w,10,0,CHI,WNBA,34,0,577,211,13,40,53,53,20,0,31,32,170,72,33,30,92,37,0,0,0,0,0,0,0,0,0,0,0,0,0,0,0,0,0,0,0,0,6.205882352941177,1.5588235294117647,1.5588235294117647,0.5882352941176471,0.0,16.970588235294116,0.4235294117647059,9.0,0.0,-1.5283626270907409,-1.819981515116875,-0.0428061791609108,-3.4043351260477444,25.57376346548948,3.15625,6.647923178933409,0.625,6.649751629787348,1.125,36.52457171857582,4.5625,83.03597833436223,11.875,1.9027245393409735,0.21875,0.2363215859390566,0.0625,6.0,0.0,0.0,0.0,0.0,0.0,0.0,0.0,False,99,0.4705882352941176,5.0,1,0,0,0,0,0,0,0,0,0.009454545454545455,71.0
walkede01w,10,0,SAC,WNBA,34,30,821,291,54,103,157,65,27,16,92,112,250,119,73,53,1,0,1,0,0,0,0,0,0,0,0,0,0,0,0,0,0,0,0,0,0,0,8.558823529411764,4.617647058823529,1.911764705882353,0.7941176470588235,0.4705882352941176,24.147058823529413,0.476,13.647058823529411,0.8823529411764706,0.8245785493798472,1.2388420142948893,0.3101349973096774,1.242723697481667,60.16268906134429,9.26086956521739,27.20273047635477,4.0,10.239572335373012,1.391304347826087,91.59499751959945,14.043478260869565,145.85436484424193,19.043478260869566,5.163610863190106,0.6521739130434783,3.823358480201975,0.3043478260869565,7.0,0.0,0.0,0.0,0.0,0.0,0.0,0.0,False,99,0.3529411764705882,6.0,1,0,0,0,0,0,0,0,0,0.005575757575757576,77.0
whaleli01w,10,0,CON,WNBA,34,34,1000,419,40,116,156,156,43,5,63,87,328,141,129,115,83,22,0,0,0,0,0,0,0,0,0,0,0,0,0,0,0,0,0,0,0,0,12.323529411764708,4.588235294117647,4.588235294117647,1.2647058823529411,0.1470588235294117,29.41176470588235,0.4298780487804878,21.058823529411764,1.0,4.589284431732789,1.209430249589007,2.986605585544971,8.65448840336402,57.314099246736816,14.03225806451613,20.742510493933644,5.612903225806452,24.79480765913404,5.354838709677419,98.09297912713473,24.61290322580645,147.2797136449888,29.29032258064516,7.12233339083434,1.4516129032258065,0.2399229486516014,0.032258064516129,5.0,0.0,0.0,0.0,0.0,0.0,0.0,0.0,False,99,0.4705882352941176,5.0,1,0,0,0,0,0,0,0,0,0.1614559464875059,3.0
whiteta01w,10,0,CON,WNBA,30,15,659,285,21,61,82,66,35,9,37,73,247,97,50,42,130,49,1,0,0,0,0,0,0,0,0,0,0,0,0,0,0,0,0,0,0,0,9.5,2.7333333333333334,2.2,1.1666666666666667,0.3,21.966666666666665,0.3927125506072874,14.666666666666666,0.5,1.7657550199680827,-0.6454717111953063,0.5983702914273246,2.2623315406189217,36.76292335115865,9.93939393939394,9.67825311942959,3.060606060606061,7.424242424242424,2.4242424242424243,50.046345811051694,14.575757575757576,94.12032085561498,27.09090909090909,4.038324420677362,1.303030303030303,1.1889483065953654,0.4242424242424242,4.0,0.0,0.0,0.0,0.0,0.0,0.0,0.0,False,99,0.4705882352941176,5.0,1,0,0,0,0,0,0,0,0,0.006666666666666667,76.0
whitmta01w,10,0,CON,WNBA,24,1,376,105,21,31,52,25,9,3,20,34,127,37,33,24,23,7,0,0,0,0,0,0,0,0,0,0,0,0,0,0,0,0,0,0,0,0,4.375,2.1666666666666665,1.0416666666666667,0.375,0.125,15.666666666666666,0.2913385826771653,7.25,0.0416666666666666,-3.3592449800319173,-1.2121383778619732,-0.5599630419060089,-5.154335126047744,91.44190062388591,12.617647058823527,36.32748440285205,4.735294117647059,9.106840463458113,1.3823529411764706,132.31004901960785,17.705882352941178,228.737188057041,26.794117647058822,6.819797237076649,0.5882352941176471,4.471813725490196,0.3823529411764705,9.0,0.0,0.0,0.0,0.0,0.0,0.0,0.0,False,99,0.4705882352941176,5.0,1,0,0,0,0,0,0,0,0,0.018612061206120613,51.0
wiggica01w,10,0,MIN,WNBA,34,34,1017,446,30,70,100,88,41,7,81,99,360,135,150,134,131,42,0,0,0,0,0,0,0,0,0,0,0,0,0,0,0,0,0,0,0,0,13.117647058823527,2.9411764705882355,2.588235294117647,1.2058823529411764,0.2058823529411764,29.91176470588235,0.375,17.676470588235293,1.0,5.383402078791612,-0.4376285739404042,0.9866055855449716,5.272135462187549,15.733333333333333,15.733333333333333,3.2333333333333334,3.2333333333333334,3.0,3.0,22.1,22.1,27.466666666666665,27.466666666666665,1.8,1.8,0.2333333333333333,0.2333333333333333,1.0,0.0,0.0,0.0,0.0,0.0,0.0,0.0,False,99,0.4117647058823529,5.0,1,0,0,0,0,0,0,0,0,0.08757954545454545,27.0
willile01w,10,0,PHO,WNBA,34,34,713,340,64,79,143,35,22,9,46,91,255,136,79,67,8,1,0,11,11,254,90,21,27,48,10,4,5,14,26,65,35,24,20,1,0,0,10.0,4.205882352941177,1.0294117647058822,0.6470588235294118,0.2647058823529412,20.97058823529412,0.5333333333333333,14.794117647058824,1.0,2.2657550199680827,0.8270773084125369,-0.5722179438667934,2.38978252101108,18.621932731113432,10.088235294117649,13.401737856561915,5.941176470588236,2.3030197086330784,0.8529411764705882,32.54966809312431,16.38235294117647,55.82913095273092,24.529411764705884,1.5641241004147786,0.6470588235294118,0.5071245889660212,0.2058823529411764,5.0,0.0,0.0,0.0,0.0,0.0,0.0,0.0,False,99,0.6764705882352942,1.0,1,0,7,0,0,0,0,0,0,0.0090625,73.0
wrighta01w,10,0,SEA,WNBA,33,33,1072,404,44,73,117,129,50,10,85,119,324,150,106,96,30,8,5,3,3,98,35,9,7,16,16,5,0,9,12,38,13,8,8,4,1,0,12.242424242424242,3.5454545454545454,3.909090909090909,1.5151515151515151,0.303030303030303,32.484848484848484,0.4629629629629629,18.939393939393938,1.0,4.508179262392325,0.1666495009259057,2.3074612005182336,6.535058813346193,19.31639928698752,7.882352941176471,8.171122994652407,3.411764705882353,7.301247771836007,2.4705882352941178,31.25401069518717,12.617647058823527,70.77629233511587,23.764705882352946,2.6862745098039214,0.9117647058823528,0.4429590017825312,0.2352941176470588,4.0,0.0,0.0,0.0,0.0,0.0,0.0,0.0,False,99,0.5882352941176471,2.0,1,0,1,0,0,0,0,0,0,0.08890909090909091,25.0
wyckobr01w,10,0,CHI,WNBA,27,23,531,83,17,56,73,38,10,20,29,61,74,28,8,7,51,20,0,0,0,0,0,0,0,0,0,0,0,0,0,0,0,0,0,0,0,0,3.074074074074074,2.703703703703704,1.4074074074074074,0.3703703703703703,0.7407407407407407,19.666666666666668,0.3783783783783784,7.222222222222222,0.8518518518518519,-4.660170905957843,-0.675101340824936,-0.1942223011652681,-5.182112903825522,22.004289215686278,2.2058823529411766,21.879901960784316,2.323529411764706,9.150367647058824,1.3529411764705883,54.16813725490197,5.882352941176471,131.8125,17.470588235294116,4.692524509803921,0.4117647058823529,3.7724264705882353,0.5882352941176471,7.0,0.0,0.0,0.0,0.0,0.0,0.0,0.0,False,99,0.4705882352941176,5.0,1,0,0,0,0,0,0,0,0,0.0,88.0
youngso01w,10,0,SAS,WNBA,33,33,1113,600,69,146,215,54,44,16,62,67,482,219,189,145,55,17,1,3,3,96,58,6,10,16,6,6,2,5,9,48,22,19,13,2,1,0,18.181818181818183,6.515151515151516,1.6363636363636365,1.3333333333333333,0.4848484848484848,33.72727272727273,0.454356846473029,26.272727272727277,1.0,10.447573201786266,3.136346470622876,0.0347339277909608,13.868392146679527,46.21212121212121,17.454545454545453,19.04367201426025,5.636363636363637,5.288770053475936,2.272727272727273,71.67379679144385,25.75757575757576,96.5427807486631,31.939393939393938,4.767379679144385,1.606060606060606,1.2611408199643497,0.5151515151515151,3.0,0.0,0.0,0.0,0.0,0.0,0.0,0.0,False,99,0.4411764705882353,4.0,1,0,1,0,0,0,0,0,0,0.06861206120612061,32.0
zellosh01w,10,0,DET,WNBA,34,4,802,406,25,81,106,62,27,17,77,111,297,118,181,155,49,15,3,5,0,145,78,8,17,25,14,6,3,7,15,68,24,27,23,17,7,0,11.941176470588236,3.117647058823529,1.8235294117647056,0.7941176470588235,0.5,23.58823529411765,0.3973063973063973,15.911764705882351,0.1176470588235294,4.206931490556318,-0.2611579857051103,0.2218997031920302,3.507429579834609,0.0,0.0,0.0,0.0,0.0,0.0,0.0,0.0,0.0,0.0,0.0,0.0,0.0,0.0,0.0,0.0,0.0,0.0,0.0,0.0,0.0,0.0,True,99,0.5294117647058824,2.5,1,0,3,0,0,0,0,0,0,0.013333333333333334,58.0
