playerID,year,stint,tmID,lgID,GP,GS,minutes,points,oRebounds,dRebounds,rebounds,assists,steals,blocks,turnovers,PF,fgAttempted,fgMade,ftAttempted,ftMade,threeAttempted,threeMade,dq,PostGP,PostGS,PostMinutes,PostPoints,PostoRebounds,PostdRebounds,PostRebounds,PostAssists,PostSteals,PostBlocks,PostTurnovers,PostPF,PostfgAttempted,PostfgMade,PostftAttempted,PostftMade,PostthreeAttempted,PostthreeMade,PostDQ,ppg,rpg,apg,spg,bpg,mpg,fg_pct,efficiency,gs_pct,won,lost,win_pct,is_rookie,won_most_valuable_player,won_defensive_player_of_the_year,won_rookie_of_the_year,dpoy_proba,dpoy_rank
ajavoma01w,10,0,WAS,WNBA,34,4,587,272,27,37,64,37,37,4,50,84,253,85,110,74,82,28,1,2,0,34,19,1,4,5,3,4,0,2,6,16,6,6,5,8,2,0,8.0,1.8823529411764703,1.088235294117647,1.088235294117647,0.1176470588235294,17.264705882352942,0.3359683794466403,10.705882352941176,0.1176470588235294,16,18,0.4705882352941176,0,0,0,0,0.0,15.0
anosini01w,10,0,MIN,WNBA,30,29,896,396,73,149,222,81,81,28,61,88,265,130,194,135,4,1,1,0,0,0,0,0,0,0,0,0,0,0,0,0,0,0,0,0,0,0,13.2,7.4,2.7,2.7,0.9333333333333332,29.866666666666667,0.490566037735849,24.9,0.9666666666666668,14,20,0.4117647058823529,0,0,0,0,0.11,2.0
batkosu01w,10,0,SEA,WNBA,20,0,147,47,9,20,29,4,5,6,24,29,43,21,8,2,11,3,0,3,0,86,38,0,10,10,0,4,7,7,9,28,14,4,3,13,7,0,2.35,1.45,0.2,0.25,0.3,7.35,0.4883720930232558,3.35,0.0,20,14,0.5882352941176471,0,0,0,0,0.0,16.0
battlas01w,10,0,NYL,WNBA,34,3,548,177,17,68,85,40,31,2,52,48,148,63,46,32,46,19,0,0,0,0,0,0,0,0,0,0,0,0,0,0,0,0,0,0,0,0,5.205882352941177,2.5,1.1764705882352942,0.9117647058823528,0.0588235294117647,16.11764705882353,0.4256756756756756,8.323529411764707,0.088235294117647,13,21,0.3823529411764705,0,0,0,0,0.0,17.0
beardal01w,10,0,WAS,WNBA,31,30,985,492,19,104,123,68,72,18,100,97,438,188,114,84,107,32,2,2,2,54,19,1,3,4,5,2,0,0,6,26,8,3,2,8,1,0,15.870967741935484,3.967741935483871,2.193548387096774,2.3225806451612905,0.5806451612903226,31.774193548387096,0.4292237442922374,21.70967741935484,0.967741935483871,16,18,0.4705882352941176,0,0,0,0,0.0,18.0
beviltu01w,10,0,IND,WNBA,34,32,861,209,12,67,79,97,62,8,48,76,181,68,54,36,107,37,0,10,10,224,53,5,18,23,20,12,1,11,25,53,18,10,7,32,10,0,6.147058823529412,2.323529411764706,2.8529411764705883,1.8235294117647056,0.2352941176470588,25.323529411764707,0.3756906077348066,11.970588235294118,0.9411764705882352,22,12,0.6470588235294118,0,0,0,0,0.0,19.0
birdsu01w,10,0,SEA,WNBA,31,31,1101,397,12,66,78,179,47,3,81,50,377,154,41,35,150,54,0,3,3,109,34,1,10,11,12,4,0,7,5,33,11,8,7,12,5,0,12.806451612903226,2.5161290322580645,5.774193548387097,1.5161290322580645,0.0967741935483871,35.516129032258064,0.4084880636604774,20.096774193548388,1.0,20,14,0.5882352941176471,0,0,0,0,0.005,11.0
blackch01w,10,0,CON,WNBA,33,8,428,97,41,66,107,6,13,27,25,54,92,35,43,27,1,0,1,0,0,0,0,0,0,0,0,0,0,0,0,0,0,0,0,0,0,0,2.9393939393939394,3.242424242424242,0.1818181818181818,0.3939393939393939,0.8181818181818182,12.969696969696969,0.3804347826086957,6.818181818181818,0.2424242424242424,16,18,0.4705882352941176,1,0,0,0,0.0,20.0
blueni01w,10,0,WAS,WNBA,16,0,91,24,2,8,10,12,7,0,13,12,24,7,10,7,9,3,0,0,0,0,0,0,0,0,0,0,0,0,0,0,0,0,0,0,0,0,1.5,0.625,0.75,0.4375,0.0,5.6875,0.2916666666666667,2.5,0.0,16,18,0.4705882352941176,0,0,0,0,0.0,21.0
bobbish01w,10,0,LAS,WNBA,33,3,353,71,11,22,33,46,15,1,28,34,85,26,13,11,37,8,0,3,0,11,0,0,1,1,0,0,0,1,3,4,0,0,0,2,0,0,2.1515151515151514,1.0,1.393939393939394,0.4545454545454545,0.0303030303030303,10.696969696969695,0.3058823529411765,4.181818181818182,0.0909090909090909,18,16,0.5294117647058824,0,0,0,0,0.0,22.0
bonnede01w,10,0,PHO,WNBA,34,0,724,381,70,126,196,13,23,25,34,70,278,127,154,125,13,2,0,11,0,186,97,17,30,47,3,5,6,7,13,69,34,35,29,1,0,0,11.205882352941176,5.764705882352941,0.3823529411764705,0.6764705882352942,0.7352941176470589,21.294117647058822,0.4568345323741007,17.764705882352942,0.0,23,11,0.6764705882352942,1,0,0,0,0.0,23.0
braxtka01w,10,0,DET,WNBA,28,2,504,252,66,101,167,41,19,18,51,79,201,106,62,40,0,0,0,5,0,96,48,12,22,34,7,4,7,12,10,37,20,14,8,0,0,0,9.0,5.964285714285714,1.4642857142857142,0.6785714285714286,0.6428571428571429,18.0,0.527363184079602,15.928571428571429,0.0714285714285714,18,16,0.5294117647058824,0,0,0,0,0.0,24.0
brownki01w,10,0,CON,WNBA,34,0,393,130,9,46,55,38,13,3,29,35,123,47,22,18,54,18,0,0,0,0,0,0,0,0,0,0,0,0,0,0,0,0,0,0,0,0,3.823529411764706,1.6176470588235294,1.1176470588235294,0.3823529411764705,0.088235294117647,11.558823529411764,0.3821138211382114,6.176470588235294,0.0,16,18,0.4705882352941176,0,0,0,0,0.0,25.0
brunsre01w,10,0,SAC,WNBA,27,17,665,331,67,123,190,9,40,16,45,57,255,124,106,83,1,0,0,0,0,0,0,0,0,0,0,0,0,0,0,0,0,0,0,0,0,0,12.25925925925926,7.037037037037037,0.3333333333333333,1.4814814814814814,0.5925925925925926,24.62962962962963,0.4862745098039215,20.03703703703704,0.6296296296296297,12,22,0.3529411764705882,0,0,0,0,0.0,26.0
burseja01w,10,0,SEA,WNBA,34,8,541,207,31,76,107,10,21,31,35,71,145,74,80,59,0,0,1,3,3,32,2,1,7,8,2,0,2,3,9,8,0,4,2,0,0,1,6.088235294117647,3.147058823529412,0.2941176470588235,0.6176470588235294,0.9117647058823528,15.911764705882351,0.5103448275862069,10.029411764705882,0.2352941176470588,20,14,0.5882352941176471,0,0,0,0,0.0,27.0
cantydo01w,10,0,CHI,WNBA,34,34,776,234,18,45,63,109,28,5,57,96,194,74,119,82,11,4,1,0,0,0,0,0,0,0,0,0,0,0,0,0,0,0,0,0,0,0,6.882352941176471,1.8529411764705883,3.2058823529411766,0.8235294117647058,0.1470588235294117,22.823529411764707,0.3814432989690721,11.235294117647058,1.0,16,18,0.4705882352941176,0,0,0,0,0.0,28.0
carsoes01w,10,0,NYL,WNBA,34,34,859,340,24,48,72,46,37,10,54,76,321,131,48,44,102,34,1,0,0,0,0,0,0,0,0,0,0,0,0,0,0,0,0,0,0,0,10.0,2.117647058823529,1.3529411764705883,1.088235294117647,0.2941176470588235,25.264705882352946,0.4080996884735202,13.264705882352942,1.0,13,21,0.3823529411764705,0,0,0,0,0.0,29.0
cashsw01w,10,0,SEA,WNBA,32,29,1094,390,62,152,214,82,28,16,91,98,355,139,128,102,31,10,1,3,3,116,63,6,10,16,5,7,3,6,10,39,19,25,21,10,4,0,12.1875,6.6875,2.5625,0.875,0.5,34.1875,0.3915492957746478,19.96875,0.90625,20,14,0.5882352941176471,0,0,0,0,0.0,30.0
castriz01w,10,0,ATL,WNBA,34,33,915,488,20,55,75,67,36,2,83,75,445,184,91,71,142,49,0,2,2,51,32,1,2,3,9,0,0,4,5,16,8,17,12,8,4,0,14.352941176470589,2.2058823529411766,1.9705882352941175,1.0588235294117647,0.0588235294117647,26.91176470588235,0.4134831460674157,17.205882352941178,0.9705882352941176,18,16,0.5294117647058824,0,0,0,0,0.0,31.0
catchta01w,10,0,IND,WNBA,34,34,1084,512,86,159,245,107,99,18,88,92,407,157,181,158,122,40,0,10,10,357,172,24,80,104,54,33,14,34,34,122,56,60,51,36,9,1,15.058823529411764,7.205882352941177,3.147058823529412,2.911764705882353,0.5294117647058824,31.88235294117647,0.3857493857493858,26.264705882352946,1.0,22,12,0.6470588235294118,0,0,1,0,0.25483951593975485,1.0
chrissh01w,10,0,NYL,WNBA,32,31,1014,514,29,127,156,56,28,27,56,102,383,154,148,128,204,78,1,0,0,0,0,0,0,0,0,0,0,0,0,0,0,0,0,0,0,0,16.0625,4.875,1.75,0.875,0.84375,31.6875,0.402088772845953,22.65625,0.96875,13,21,0.3823529411764705,0,0,0,0,0.0,32.0
colemma01w,10,0,WAS,WNBA,28,0,525,171,22,54,76,22,20,9,34,44,159,54,45,34,80,29,0,2,0,53,21,3,7,10,3,4,4,7,3,19,6,5,5,8,4,0,6.107142857142857,2.7142857142857144,0.7857142857142857,0.7142857142857143,0.3214285714285714,18.75,0.3396226415094339,9.428571428571429,0.0,16,18,0.4705882352941176,1,0,0,0,0.0,33.0
currimo01w,10,0,WAS,WNBA,34,34,728,278,38,108,146,61,29,14,57,83,217,78,127,102,52,20,0,2,2,37,10,8,7,15,1,4,1,3,8,15,2,7,6,3,0,0,8.176470588235293,4.294117647058823,1.7941176470588236,0.8529411764705882,0.4117647058823529,21.41176470588235,0.3594470046082949,13.852941176470589,1.0,16,18,0.4705882352941176,0,0,0,0,0.0,34.0
darlihe01w,10,0,SAS,WNBA,34,13,642,104,14,47,61,100,30,5,40,79,109,27,55,37,44,13,0,3,0,34,4,1,3,4,3,1,0,1,4,5,1,4,2,0,0,0,3.0588235294117645,1.7941176470588236,2.9411764705882355,0.8823529411764706,0.1470588235294117,18.88235294117647,0.2477064220183486,7.647058823529412,0.3823529411764705,15,19,0.4411764705882353,0,0,0,0,0.0,35.0
davenje01w,10,0,IND,WNBA,27,0,181,72,15,25,40,6,7,14,21,38,55,29,20,14,0,0,0,9,0,55,37,1,10,11,3,2,8,3,9,25,14,11,9,0,0,0,2.6666666666666665,1.4814814814814814,0.2222222222222222,0.2592592592592592,0.5185185185185185,6.703703703703703,0.5272727272727272,4.37037037037037,0.0,22,12,0.6470588235294118,0,0,0,0,0.0,36.0
desouer01w,10,0,ATL,WNBA,34,34,928,402,119,190,309,38,32,44,70,117,322,170,95,62,0,0,1,2,2,54,23,5,9,14,2,4,2,10,10,18,10,4,3,0,0,0,11.823529411764708,9.088235294117649,1.1176470588235294,0.9411764705882352,1.2941176470588236,27.294117647058822,0.5279503105590062,22.205882352941178,1.0,18,16,0.5294117647058824,0,0,0,0,0.005,12.0
dixonta01w,10,0,IND,WNBA,32,1,424,132,10,41,51,37,12,3,27,45,134,55,21,18,10,4,0,10,0,62,21,2,5,7,2,1,0,5,5,26,9,5,3,2,0,0,4.125,1.59375,1.15625,0.375,0.09375,13.25,0.4104477611940298,6.5,0.03125,22,12,0.6470588235294118,0,0,0,0,0.0,37.0
douglka01w,10,0,IND,WNBA,31,31,1003,547,24,96,120,85,56,7,75,45,459,188,122,105,189,66,0,10,10,361,155,14,21,35,40,14,6,19,14,141,51,43,35,58,18,0,17.64516129032258,3.870967741935484,2.7419354838709675,1.8064516129032255,0.2258064516129032,32.354838709677416,0.4095860566448802,23.870967741935484,1.0,22,12,0.6470588235294118,0,0,0,0,0.014928151935102248,8.0
dupreca01w,10,0,CHI,WNBA,34,34,1186,534,76,192,268,75,35,41,81,54,476,204,130,102,62,24,0,0,0,0,0,0,0,0,0,0,0,0,0,0,0,0,0,0,0,0,15.705882352941176,7.882352941176471,2.2058823529411766,1.0294117647058822,1.2058823529411764,34.88235294117647,0.4285714285714285,25.647058823529413,1.0,16,18,0.4705882352941176,0,0,0,0,0.02974788425754557,5.0
elysh01w,10,0,CHI,WNBA,34,9,497,232,22,66,88,20,12,8,36,55,201,84,51,41,60,23,0,0,0,0,0,0,0,0,0,0,0,0,0,0,0,0,0,0,0,0,6.823529411764706,2.588235294117647,0.5882352941176471,0.3529411764705882,0.2352941176470588,14.617647058823527,0.417910447761194,9.529411764705882,0.2647058823529412,16,18,0.4705882352941176,0,0,0,0,0.0,38.0
farriba01w,10,0,DET,WNBA,13,3,110,17,3,15,18,5,5,0,9,17,9,2,16,13,0,0,0,0,0,0,0,0,0,0,0,0,0,0,0,0,0,0,0,0,0,0,1.3076923076923077,1.3846153846153846,0.3846153846153846,0.3846153846153846,0.0,8.461538461538462,0.2222222222222222,2.769230769230769,0.2307692307692307,18,16,0.5294117647058824,0,0,0,0,0.0,39.0
ferdima01w,10,0,LAS,WNBA,28,6,339,151,17,24,41,24,15,2,22,44,135,58,37,31,22,4,1,2,0,14,5,1,1,2,0,1,0,0,2,4,1,2,2,2,1,0,5.392857142857143,1.4642857142857142,0.8571428571428571,0.5357142857142857,0.0714285714285714,12.107142857142858,0.4296296296296296,7.535714285714286,0.2142857142857142,18,16,0.5294117647058824,0,0,0,0,0.0,40.0
fordch01w,10,0,DET,WNBA,29,29,755,249,71,144,215,25,28,13,49,105,227,97,100,55,3,0,1,5,5,148,39,17,33,50,6,7,1,18,23,29,13,16,13,0,0,0,8.586206896551724,7.413793103448276,0.8620689655172413,0.9655172413793104,0.4482758620689655,26.03448275862069,0.4273127753303964,16.586206896551722,1.0,18,16,0.5294117647058824,0,0,0,0,0.0,41.0
fowlesy01w,10,0,CHI,WNBA,24,20,692,270,52,136,188,19,21,35,76,72,172,103,99,64,0,0,1,0,0,0,0,0,0,0,0,0,0,0,0,0,0,0,0,0,0,0,11.25,7.833333333333333,0.7916666666666666,0.875,1.4583333333333333,28.83333333333333,0.5988372093023255,19.041666666666668,0.8333333333333334,16,18,0.4705882352941176,0,0,0,0,0.0,42.0
frazeme01w,10,0,SAS,WNBA,29,0,326,145,27,57,84,15,8,5,21,43,126,52,39,27,37,14,0,1,0,7,2,0,0,0,0,0,0,0,0,1,0,2,2,0,0,0,5.0,2.896551724137931,0.5172413793103449,0.2758620689655172,0.1724137931034483,11.241379310344827,0.4126984126984127,8.137931034482758,0.0,15,19,0.4411764705882353,1,0,0,0,0.0,43.0
gardike01w,10,0,CON,WNBA,33,23,596,180,54,89,143,39,25,24,38,57,159,58,89,54,39,10,0,0,0,0,0,0,0,0,0,0,0,0,0,0,0,0,0,0,0,0,5.454545454545454,4.333333333333333,1.181818181818182,0.7575757575757576,0.7272727272727273,18.060606060606062,0.3647798742138364,11.303030303030305,0.696969696969697,16,18,0.4705882352941176,0,0,0,0,0.0,44.0
gearlka01w,10,0,SEA,WNBA,20,0,243,82,4,22,26,11,6,3,12,14,74,29,4,3,52,21,0,0,0,0,0,0,0,0,0,0,0,0,0,0,0,0,0,0,0,0,4.1,1.3,0.55,0.3,0.15,12.15,0.3918918918918919,5.8,0.0,20,14,0.5882352941176471,0,0,0,0,0.0,45.0
grudasa01w,10,0,CON,WNBA,26,25,810,350,66,99,165,35,23,41,68,86,323,151,86,48,0,0,2,0,0,0,0,0,0,0,0,0,0,0,0,0,0,0,0,0,0,0,13.461538461538462,6.346153846153846,1.3461538461538465,0.8846153846153846,1.5769230769230769,31.153846153846157,0.4674922600619195,21.0,0.9615384615384616,16,18,0.4705882352941176,0,0,0,0,0.0,46.0
hammobe01w,10,0,SAS,WNBA,31,31,1049,604,25,78,103,156,49,12,111,54,447,200,142,128,206,76,0,3,3,101,55,0,8,8,6,5,0,7,4,41,19,10,9,21,8,0,19.483870967741936,3.3225806451612905,5.032258064516129,1.5806451612903225,0.3870967741935484,33.83870967741935,0.4474272930648769,26.225806451612904,1.0,15,19,0.4411764705882353,0,0,0,0,0.0,47.0
hardili01w,10,0,WAS,WNBA,34,34,1194,435,24,111,135,154,43,13,101,68,375,163,119,89,62,20,1,2,2,81,21,1,4,5,8,3,0,10,6,26,10,1,1,3,0,0,12.794117647058824,3.9705882352941178,4.529411764705882,1.2647058823529411,0.3823529411764705,35.11764705882353,0.4346666666666666,19.97058823529412,1.0,16,18,0.4705882352941176,0,0,0,0,0.0,48.0
harpela01w,10,0,SAC,WNBA,33,11,460,150,54,59,113,20,13,22,42,65,116,45,82,60,0,0,1,0,0,0,0,0,0,0,0,0,0,0,0,0,0,0,0,0,0,0,4.545454545454546,3.4242424242424243,0.6060606060606061,0.3939393939393939,0.6666666666666666,13.93939393939394,0.3879310344827586,8.363636363636363,0.3333333333333333,12,22,0.3529411764705882,0,0,0,0,0.0,49.0
harrokr01w,10,0,LAS,WNBA,31,26,520,97,17,40,57,69,16,0,27,32,111,40,11,9,39,8,0,5,2,59,13,0,1,1,11,2,0,4,1,12,6,0,0,3,1,0,3.129032258064516,1.8387096774193548,2.225806451612903,0.5161290322580645,0.0,16.774193548387096,0.3603603603603603,6.838709677419355,0.8387096774193549,18,16,0.5294117647058824,0,0,0,0,0.0,50.0
haydeva01w,10,0,LAS,WNBA,25,1,269,94,27,40,67,6,4,22,19,49,95,39,25,16,0,0,0,1,0,2,0,0,0,0,0,0,0,0,0,0,0,0,0,0,0,0,3.76,2.68,0.24,0.16,0.88,10.76,0.4105263157894737,6.96,0.04,18,16,0.5294117647058824,0,0,0,0,0.0,51.0
haynikr01w,10,1,DET,WNBA,20,2,161,44,5,20,25,11,14,0,10,14,40,17,9,7,13,3,0,0,0,0,0,0,0,0,0,0,0,0,0,0,0,0,0,0,0,0,2.2,1.25,0.55,0.7,0.0,8.05,0.425,4.2,0.1,18,16,0.5294117647058824,0,0,0,0,0.0,52.0
hodgero01w,10,0,MIN,WNBA,33,27,902,328,20,79,99,64,21,15,36,54,276,115,33,30,171,68,0,0,0,0,0,0,0,0,0,0,0,0,0,0,0,0,0,0,0,0,9.93939393939394,3.0,1.9393939393939397,0.6363636363636364,0.4545454545454545,27.33333333333333,0.4166666666666667,14.87878787878788,0.8181818181818182,14,20,0.4117647058823529,0,0,0,0,0.0,53.0
hoffmeb01w,10,0,IND,WNBA,34,34,1005,338,56,143,199,52,57,12,82,106,313,122,77,69,72,25,3,10,10,295,119,11,37,48,8,11,5,18,38,85,47,22,19,15,6,0,9.941176470588236,5.852941176470588,1.5294117647058822,1.6764705882352942,0.3529411764705882,29.558823529411764,0.389776357827476,16.941176470588236,1.0,22,12,0.6470588235294118,0,0,0,0,0.03990292884391059,4.0
holdsch01w,10,0,ATL,WNBA,25,25,708,348,29,80,109,56,34,7,74,60,319,132,93,78,30,6,0,1,0,13,3,2,1,3,0,0,0,3,2,4,1,1,1,1,0,0,13.92,4.36,2.24,1.36,0.28,28.32,0.4137931034482758,19.2,1.0,18,16,0.5294117647058824,0,0,0,0,0.0,54.0
holliqu01w,10,0,MIN,WNBA,34,1,434,164,47,63,110,5,12,8,34,65,120,50,91,64,0,0,0,0,0,0,0,0,0,0,0,0,0,0,0,0,0,0,0,0,0,0,4.823529411764706,3.235294117647059,0.1470588235294117,0.3529411764705882,0.2352941176470588,12.764705882352942,0.4166666666666667,7.794117647058823,0.0294117647058823,14,20,0.4117647058823529,1,0,0,0,0.0,55.0
holtam01w,10,0,CON,WNBA,23,7,380,137,13,61,74,44,9,2,14,39,123,40,53,44,50,13,0,0,0,0,0,0,0,0,0,0,0,0,0,0,0,0,0,0,0,0,5.956521739130435,3.217391304347826,1.9130434782608696,0.391304347826087,0.0869565217391304,16.52173913043478,0.3252032520325203,10.956521739130435,0.3043478260869565,16,18,0.4705882352941176,0,0,0,0,0.0,56.0
hornbal01w,10,0,DET,WNBA,32,21,850,213,46,112,158,86,42,9,69,93,213,81,48,26,64,25,2,5,5,177,53,8,22,30,20,9,3,16,19,45,22,6,6,9,3,1,6.65625,4.9375,2.6875,1.3125,0.28125,26.5625,0.380281690140845,13.71875,0.65625,18,16,0.5294117647058824,0,0,0,0,0.0,57.0
houstch01w,10,0,MIN,WNBA,34,33,792,445,44,142,186,59,43,21,64,107,376,175,99,72,69,23,2,0,0,0,0,0,0,0,0,0,0,0,0,0,0,0,0,0,0,0,13.088235294117649,5.470588235294118,1.7352941176470589,1.2647058823529411,0.6176470588235294,23.294117647058822,0.4654255319148936,20.294117647058822,0.9705882352941176,14,20,0.4117647058823529,0,0,0,0,0.0,58.0
humphta01w,10,2,MIN,WNBA,19,4,340,150,9,50,59,8,12,6,14,54,138,55,26,21,59,19,0,0,0,0,0,0,0,0,0,0,0,0,0,0,0,0,0,0,0,0,7.894736842105263,3.1052631578947367,0.4210526315789473,0.631578947368421,0.3157894736842105,17.894736842105264,0.3985507246376811,11.63157894736842,0.2105263157894736,14,20,0.4117647058823529,0,0,0,0,0.0,59.0
jacksla01w,10,0,SEA,WNBA,26,26,843,499,48,134,182,22,38,45,43,97,363,168,143,114,114,49,2,0,0,0,0,0,0,0,0,0,0,0,0,0,0,0,0,0,0,0,19.192307692307693,7.0,0.8461538461538461,1.4615384615384617,1.7307692307692308,32.42307692307692,0.4628099173553719,28.57692307692308,1.0,20,14,0.5882352941176471,0,0,0,0,0.024979529708909026,7.0
jacksti02w,10,0,NYL,WNBA,34,9,495,180,35,81,116,24,21,13,43,55,149,67,64,46,0,0,0,0,0,0,0,0,0,0,0,0,0,0,0,0,0,0,0,0,0,0,5.294117647058823,3.411764705882353,0.7058823529411765,0.6176470588235294,0.3823529411764705,14.558823529411764,0.4496644295302013,9.147058823529411,0.2647058823529412,13,21,0.3823529411764705,0,0,0,0,0.0,60.0
januabr01w,10,0,IND,WNBA,33,4,683,227,23,40,63,77,36,3,57,78,192,64,87,74,87,25,1,10,0,228,106,7,17,24,30,4,0,13,23,78,30,40,34,29,12,0,6.878787878787879,1.9090909090909087,2.333333333333333,1.0909090909090908,0.0909090909090909,20.696969696969692,0.3333333333333333,10.575757575757576,0.1212121212121212,22,12,0.6470588235294118,1,0,0,0,0.0,61.0
jekaban01w,10,0,CON,WNBA,27,16,644,255,12,66,78,59,9,0,48,61,234,97,28,22,99,39,1,0,0,0,0,0,0,0,0,0,0,0,0,0,0,0,0,0,0,0,9.444444444444445,2.888888888888889,2.185185185185185,0.3333333333333333,0.0,23.85185185185185,0.4145299145299145,13.074074074074074,0.5925925925925926,16,18,0.4705882352941176,1,0,0,0,0.0,62.0
johnssh01w,10,0,SEA,WNBA,34,6,618,137,14,48,62,52,27,7,52,56,107,36,55,47,61,18,0,3,0,39,7,0,5,5,3,3,0,6,8,9,3,0,0,5,1,1,4.029411764705882,1.8235294117647056,1.5294117647058822,0.7941176470588235,0.2058823529411764,18.176470588235293,0.3364485981308411,6.852941176470588,0.1764705882352941,20,14,0.5882352941176471,0,0,0,0,0.0,63.0
johnste01w,10,0,PHO,WNBA,34,34,901,328,8,112,120,157,29,4,76,79,281,125,50,42,87,36,1,11,11,267,83,4,17,21,34,8,2,17,27,76,30,12,10,27,13,0,9.647058823529411,3.5294117647058822,4.617647058823529,0.8529411764705882,0.1176470588235294,26.5,0.4448398576512455,16.529411764705884,1.0,23,11,0.6764705882352942,0,0,0,0,0.0,64.0
johnsvi01w,10,0,SAS,WNBA,32,32,737,204,23,85,108,77,16,4,39,40,185,80,27,23,56,21,0,3,3,90,46,3,6,9,14,5,0,3,6,25,18,6,5,7,5,0,6.375,3.375,2.40625,0.5,0.125,23.03125,0.4324324324324324,11.5625,1.0,15,19,0.4411764705882353,0,0,0,0,0.0,65.0
jonesas01w,10,0,CON,WNBA,23,23,727,384,43,93,136,56,20,13,49,79,339,159,80,61,16,5,1,0,0,0,0,0,0,0,0,0,0,0,0,0,0,0,0,0,0,0,16.695652173913043,5.913043478260869,2.4347826086956523,0.8695652173913043,0.5652173913043478,31.608695652173918,0.4690265486725664,24.347826086956523,1.0,16,18,0.4705882352941176,0,0,0,0,0.0,66.0
kellycr01w,10,2,DET,WNBA,11,0,84,31,6,8,14,4,4,1,11,16,22,8,18,15,0,0,0,3,0,15,4,0,2,2,2,0,0,0,2,0,0,4,4,0,0,0,2.8181818181818183,1.2727272727272727,0.3636363636363636,0.3636363636363636,0.0909090909090909,7.636363636363637,0.3636363636363636,3.909090909090909,0.0,18,16,0.5294117647058824,0,0,0,0,0.0,67.0
kellycr01w,10,1,SAC,WNBA,23,4,283,98,20,19,39,8,7,2,22,40,57,25,57,48,1,0,0,0,0,0,0,0,0,0,0,0,0,0,0,0,0,0,0,0,0,0,4.260869565217392,1.6956521739130437,0.3478260869565217,0.3043478260869565,0.0869565217391304,12.304347826086955,0.4385964912280701,5.739130434782608,0.1739130434782608,12,22,0.3529411764705882,0,0,0,0,0.0,68.0
kraayca01w,10,0,NYL,WNBA,34,26,888,307,32,123,155,32,22,13,66,76,264,105,49,37,144,60,0,0,0,0,0,0,0,0,0,0,0,0,0,0,0,0,0,0,0,0,9.029411764705882,4.5588235294117645,0.9411764705882352,0.6470588235294118,0.3823529411764705,26.11764705882353,0.3977272727272727,13.617647058823527,0.7647058823529411,13,21,0.3823529411764705,0,0,0,0,0.0,69.0
lacyje01w,10,0,ATL,WNBA,32,0,362,96,32,38,70,9,9,7,24,57,107,35,33,22,19,4,0,2,0,23,2,1,1,2,0,0,0,0,3,5,0,4,2,2,0,0,3.0,2.1875,0.28125,0.28125,0.21875,11.3125,0.3271028037383177,5.21875,0.0,18,16,0.5294117647058824,0,0,0,0,0.0,70.0
langhcr01w,10,0,WAS,WNBA,34,22,1013,408,101,167,268,29,34,13,76,74,284,163,119,82,2,0,0,2,2,79,33,5,15,20,1,1,1,6,6,20,14,8,5,0,0,0,12.0,7.882352941176471,0.8529411764705882,1.0,0.3823529411764705,29.794117647058822,0.573943661971831,19.88235294117647,0.6470588235294118,16,18,0.4705882352941176,0,0,0,0,0.0,71.0
larkier01w,10,0,NYL,WNBA,18,0,137,44,11,20,31,8,9,4,16,19,33,14,23,16,0,0,0,0,0,0,0,0,0,0,0,0,0,0,0,0,0,0,0,0,0,0,2.4444444444444446,1.7222222222222223,0.4444444444444444,0.5,0.2222222222222222,7.611111111111111,0.4242424242424242,4.444444444444445,0.0,13,21,0.3823529411764705,0,0,0,0,0.0,72.0
lattaiv01w,10,0,ATL,WNBA,24,0,350,146,3,13,16,34,13,1,26,32,110,45,46,38,50,18,0,2,2,75,27,2,2,4,5,1,0,3,5,20,8,9,8,9,3,0,6.083333333333333,0.6666666666666666,1.4166666666666667,0.5416666666666666,0.0416666666666666,14.583333333333334,0.4090909090909091,7.666666666666667,0.0,18,16,0.5294117647058824,0,0,0,0,0.0,73.0
lawsoed01w,10,0,SAS,WNBA,33,12,583,172,9,57,66,74,29,1,29,53,151,58,18,15,113,41,0,3,3,75,32,4,5,9,6,2,0,3,6,18,12,0,0,13,8,0,5.212121212121212,2.0,2.242424242424242,0.8787878787878788,0.0303030303030303,17.666666666666668,0.3841059602649007,9.484848484848484,0.3636363636363636,15,19,0.4411764705882353,0,0,0,0,0.0,74.0
lawsoka01w,10,0,SAC,WNBA,25,5,604,220,11,42,53,63,16,1,35,24,200,76,33,31,110,37,0,0,0,0,0,0,0,0,0,0,0,0,0,0,0,0,0,0,0,0,8.8,2.12,2.52,0.64,0.04,24.16,0.38,12.72,0.2,12,22,0.3529411764705882,0,0,0,0,0.0,75.0
lehnish01w,10,0,ATL,WNBA,34,20,707,102,19,60,79,127,18,3,54,44,93,36,31,24,30,6,0,0,0,0,0,0,0,0,0,0,0,0,0,0,0,0,0,0,0,0,3.0,2.323529411764706,3.735294117647059,0.5294117647058824,0.088235294117647,20.794117647058822,0.3870967741935484,8.088235294117647,0.5882352941176471,18,16,0.5294117647058824,1,0,0,0,0.0,76.0
lennobe01w,10,0,LAS,WNBA,30,13,640,306,33,103,136,54,26,4,70,70,268,111,66,59,83,25,0,6,0,128,74,2,16,18,9,5,0,11,11,58,24,15,15,25,11,0,10.2,4.533333333333333,1.8,0.8666666666666667,0.1333333333333333,21.33333333333333,0.4141791044776119,15.2,0.4333333333333333,18,16,0.5294117647058824,0,0,0,0,0.0,77.0
leslili01w,10,0,LAS,WNBA,23,21,638,354,56,95,151,49,16,33,59,75,278,144,90,65,6,1,1,6,6,208,100,19,36,55,12,8,9,13,26,84,38,39,24,0,0,1,15.391304347826088,6.565217391304348,2.130434782608696,0.6956521739130435,1.434782608695652,27.73913043478261,0.5179856115107914,23.65217391304348,0.9130434782608696,18,16,0.5294117647058824,0,0,0,0,0.0,78.0
littlca01w,10,0,SEA,WNBA,34,34,1044,341,75,147,222,35,39,13,67,118,263,124,126,86,27,7,1,3,3,102,23,1,9,10,3,2,2,4,14,25,10,2,2,6,1,0,10.029411764705882,6.529411764705882,1.0294117647058822,1.1470588235294117,0.3823529411764705,30.705882352941178,0.4714828897338403,17.147058823529413,1.0,20,14,0.5882352941176471,0,0,0,0,0.0,79.0
lyttlsa01w,10,0,ATL,WNBA,34,31,931,443,72,182,254,51,68,22,64,105,363,184,101,75,1,0,2,2,2,51,17,3,7,10,4,4,0,4,8,17,7,7,3,1,0,0,13.029411764705882,7.470588235294118,1.5,2.0,0.6470588235294118,27.38235294117647,0.5068870523415978,22.764705882352946,0.9117647058823528,18,16,0.5294117647058824,0,0,0,0,0.0,80.0
maigaha01w,10,0,SAC,WNBA,34,5,676,303,34,55,89,37,31,8,52,76,255,124,77,55,1,0,0,0,0,0,0,0,0,0,0,0,0,0,0,0,0,0,0,0,0,0,8.911764705882353,2.617647058823529,1.088235294117647,0.9117647058823528,0.2352941176470588,19.88235294117647,0.4862745098039215,12.235294117647058,0.1470588235294117,12,22,0.3529411764705882,0,0,0,0,0.0,81.0
mannkr01w,10,0,WAS,WNBA,16,0,95,25,2,12,14,6,3,0,3,9,28,10,1,1,18,4,0,1,0,8,3,1,0,1,0,0,0,1,1,2,1,0,0,2,1,0,1.5625,0.875,0.375,0.1875,0.0,5.9375,0.3571428571428571,2.8125,0.0,16,18,0.4705882352941176,0,0,0,0,0.0,82.0
mazzake01w,10,0,PHO,WNBA,31,2,433,106,7,33,40,17,10,3,10,42,99,36,3,3,88,31,0,4,0,14,0,0,2,2,0,0,0,1,0,2,0,0,0,1,0,0,3.419354838709677,1.2903225806451613,0.5483870967741935,0.3225806451612903,0.0967741935483871,13.96774193548387,0.3636363636363636,5.354838709677419,0.064516129032258,23,11,0.6764705882352942,0,0,0,0,0.0,83.0
mccanra01w,10,0,MIN,WNBA,34,1,482,145,30,38,68,26,15,10,36,74,150,56,39,22,38,11,1,0,0,0,0,0,0,0,0,0,0,0,0,0,0,0,0,0,0,0,4.264705882352941,2.0,0.7647058823529411,0.4411764705882353,0.2941176470588235,14.176470588235292,0.3733333333333333,6.705882352941177,0.0294117647058823,14,20,0.4117647058823529,1,0,0,0,0.0,84.0
mccarja01w,10,0,NYL,WNBA,32,32,848,393,63,112,175,88,41,44,86,79,301,151,107,90,3,1,1,0,0,0,0,0,0,0,0,0,0,0,0,0,0,0,0,0,0,0,12.28125,5.46875,2.75,1.28125,1.375,26.5,0.5016611295681063,20.46875,1.0,13,21,0.3823529411764705,0,0,0,0,0.0,85.0
mccouan01w,10,0,ATL,WNBA,34,10,735,435,35,70,105,71,74,12,72,92,336,160,135,100,51,15,2,2,2,58,38,1,10,11,6,2,0,12,7,31,15,6,4,7,4,0,12.794117647058824,3.088235294117647,2.088235294117647,2.176470588235294,0.3529411764705882,21.61764705882353,0.4761904761904761,18.38235294117647,0.2941176470588235,18,16,0.5294117647058824,1,0,0,1,0.0,86.0
mcwilta01w,10,0,DET,WNBA,34,34,1032,332,65,160,225,98,33,16,66,86,283,139,68,51,15,3,0,5,5,134,38,6,16,22,9,5,2,13,18,28,18,2,1,1,1,0,9.764705882352942,6.617647058823529,2.8823529411764706,0.9705882352941176,0.4705882352941176,30.352941176470587,0.4911660777385159,18.764705882352946,1.0,18,16,0.5294117647058824,0,0,0,0,0.0,87.0
melvich01w,10,0,WAS,WNBA,34,33,756,201,79,79,158,36,34,29,50,101,188,84,61,33,1,0,0,2,2,45,17,2,4,6,4,2,1,7,10,12,7,3,3,0,0,1,5.911764705882353,4.647058823529412,1.0588235294117647,1.0,0.8529411764705882,22.235294117647054,0.4468085106382978,12.0,0.9705882352941176,16,18,0.4705882352941176,0,0,0,0,0.0,88.0
milleco01w,10,0,ATL,WNBA,34,5,407,131,20,30,50,33,12,2,31,37,122,50,26,23,27,8,0,2,0,13,7,0,0,0,2,0,0,1,0,5,3,0,0,1,1,0,3.852941176470588,1.4705882352941178,0.9705882352941176,0.3529411764705882,0.0588235294117647,11.970588235294118,0.4098360655737705,5.794117647058823,0.1470588235294117,18,16,0.5294117647058824,0,0,0,0,0.0,89.0
milleke01w,10,0,MIN,WNBA,34,25,675,150,19,55,74,67,24,2,50,56,149,54,22,20,66,22,0,0,0,0,0,0,0,0,0,0,0,0,0,0,0,0,0,0,0,0,4.411764705882353,2.176470588235294,1.9705882352941175,0.7058823529411765,0.0588235294117647,19.852941176470587,0.3624161073825503,7.852941176470588,0.7352941176470589,14,20,0.4117647058823529,0,0,0,0,0.0,90.0
miltode01w,10,0,LAS,WNBA,33,33,1043,338,51,106,157,71,41,8,74,84,322,129,74,56,82,24,1,6,6,190,54,16,19,35,15,10,1,13,14,57,20,16,10,13,4,0,10.242424242424242,4.757575757575758,2.1515151515151514,1.2424242424242424,0.2424242424242424,31.60606060606061,0.4006211180124223,16.393939393939394,1.0,18,16,0.5294117647058824,0,0,0,0,0.004975278121137207,13.0
mitchle01w,10,0,NYL,WNBA,34,2,436,80,8,33,41,76,9,2,26,46,100,30,6,6,52,14,0,0,0,0,0,0,0,0,0,0,0,0,0,0,0,0,0,0,0,0,2.3529411764705883,1.2058823529411764,2.235294117647059,0.2647058823529412,0.0588235294117647,12.823529411764708,0.3,5.352941176470588,0.0588235294117647,13,21,0.3823529411764705,0,0,0,0,0.0,91.0
montaan01w,10,0,MIN,WNBA,16,1,169,35,15,11,26,19,9,0,12,17,36,14,2,2,15,5,0,0,0,0,0,0,0,0,0,0,0,0,0,0,0,0,0,0,0,0,2.1875,1.625,1.1875,0.5625,0.0,10.5625,0.3888888888888889,4.8125,0.0625,14,20,0.4117647058823529,1,0,0,0,0.0,92.0
montgre01w,10,0,MIN,WNBA,34,9,764,306,15,51,66,72,25,9,66,37,250,102,72,60,121,42,0,0,0,0,0,0,0,0,0,0,0,0,0,0,0,0,0,0,0,0,9.0,1.9411764705882355,2.117647058823529,0.7352941176470589,0.2647058823529412,22.47058823529412,0.408,12.117647058823527,0.2647058823529412,14,20,0.4117647058823529,1,0,0,0,0.0,93.0
mooreje01w,10,0,IND,WNBA,31,9,613,148,40,56,96,14,19,6,32,85,121,57,46,34,1,0,0,10,0,120,22,9,8,17,3,5,2,3,24,24,8,8,6,0,0,1,4.774193548387097,3.096774193548387,0.4516129032258064,0.6129032258064516,0.1935483870967742,19.774193548387096,0.4710743801652892,8.096774193548388,0.2903225806451613,22,12,0.6470588235294118,0,0,0,0,0.0,94.0
moorelo01w,10,0,NYL,WNBA,34,32,941,215,19,106,125,133,66,2,78,55,233,78,48,33,100,26,0,0,0,0,0,0,0,0,0,0,0,0,0,0,0,0,0,0,0,0,6.323529411764706,3.676470588235294,3.911764705882353,1.9411764705882355,0.0588235294117647,27.676470588235293,0.334763948497854,13.617647058823527,0.9411764705882352,13,21,0.3823529411764705,0,0,0,0,0.0,95.0
mosbybe01w,10,0,WAS,WNBA,24,0,169,46,15,22,37,3,8,1,16,29,47,17,14,12,1,0,1,0,0,0,0,0,0,0,0,0,0,0,0,0,0,0,0,0,0,0,1.9166666666666667,1.5416666666666667,0.125,0.3333333333333333,0.0416666666666666,7.041666666666667,0.3617021276595745,3.2916666666666665,0.0,16,18,0.4705882352941176,0,0,0,0,0.0,96.0
murphsh01w,10,0,IND,WNBA,24,0,186,100,23,19,42,10,6,2,9,30,89,34,26,21,32,11,0,4,0,9,0,1,1,2,1,0,0,0,2,5,0,0,0,2,0,0,4.166666666666667,1.75,0.4166666666666667,0.25,0.0833333333333333,7.75,0.3820224719101123,6.291666666666667,0.0,22,12,0.6470588235294118,0,0,0,0,0.0,97.0
nanch01w,10,0,CHI,WNBA,26,5,320,97,23,32,55,6,8,9,29,38,95,46,8,5,0,0,0,0,0,0,0,0,0,0,0,0,0,0,0,0,0,0,0,0,0,0,3.730769230769231,2.1153846153846154,0.2307692307692307,0.3076923076923077,0.3461538461538461,12.307692307692308,0.4842105263157895,5.615384615384615,0.1923076923076923,16,18,0.4705882352941176,1,0,0,0,0.0,98.0
newtoch01w,10,0,SAC,WNBA,23,0,336,68,10,20,30,39,18,3,16,31,70,26,18,12,12,4,0,0,0,0,0,0,0,0,0,0,0,0,0,0,0,0,0,0,0,0,2.9565217391304346,1.3043478260869563,1.6956521739130437,0.782608695652174,0.1304347826086956,14.608695652173912,0.3714285714285714,6.173913043478261,0.0,12,22,0.3529411764705882,0,0,0,0,0.0,99.0
nolande01w,10,0,DET,WNBA,33,33,1113,559,36,105,141,116,44,10,73,91,525,214,116,91,123,40,1,5,5,190,108,5,3,8,16,9,2,18,18,98,39,23,21,28,9,0,16.939393939393938,4.2727272727272725,3.515151515151515,1.3333333333333333,0.303030303030303,33.72727272727273,0.4076190476190476,24.151515151515152,1.0,18,16,0.5294117647058824,0,0,0,0,0.004975278121137207,14.0
ohldeni01w,10,0,PHO,WNBA,21,0,311,109,19,40,59,6,5,20,29,55,71,38,46,33,0,0,1,11,0,150,29,9,21,30,4,4,3,10,21,22,14,5,1,0,0,0,5.190476190476191,2.8095238095238093,0.2857142857142857,0.238095238095238,0.9523809523809524,14.80952380952381,0.5352112676056338,8.095238095238095,0.0,23,11,0.6764705882352942,0,0,0,0,0.0,100.0
parisco01w,10,0,SAC,WNBA,33,6,442,160,56,78,134,22,11,10,20,48,132,68,33,24,1,0,0,0,0,0,0,0,0,0,0,0,0,0,0,0,0,0,0,0,0,0,4.848484848484849,4.0606060606060606,0.6666666666666666,0.3333333333333333,0.303030303030303,13.393939393939394,0.5151515151515151,9.606060606060606,0.1818181818181818,12,22,0.3529411764705882,1,0,0,0,0.0,101.0
parkeca01w,10,0,LAS,WNBA,25,24,815,328,60,184,244,64,15,53,55,53,270,131,80,61,24,5,1,6,6,211,108,21,43,64,10,5,11,10,23,71,38,44,31,4,1,1,13.12,9.76,2.56,0.6,2.12,32.6,0.4851851851851851,25.96,0.96,18,16,0.5294117647058824,0,0,0,0,0.025,6.0
penicti01w,10,0,SAC,WNBA,30,28,724,148,12,69,81,155,30,4,64,45,139,45,70,57,9,1,0,0,0,0,0,0,0,0,0,0,0,0,0,0,0,0,0,0,0,0,4.933333333333334,2.7,5.166666666666667,1.0,0.1333333333333333,24.133333333333333,0.3237410071942446,11.8,0.9333333333333332,12,22,0.3529411764705882,0,0,0,0,0.0,102.0
perkiji01w,10,0,CHI,WNBA,34,34,931,450,28,88,116,100,73,6,55,78,379,158,123,104,78,30,0,0,0,0,0,0,0,0,0,0,0,0,0,0,0,0,0,0,0,0,13.235294117647058,3.411764705882353,2.9411764705882355,2.147058823529412,0.1764705882352941,27.38235294117647,0.41688654353562,20.294117647058822,1.0,16,18,0.4705882352941176,0,0,0,0,0.0,103.0
philler01w,10,0,CON,WNBA,32,18,740,258,30,73,103,66,43,3,43,52,225,86,64,52,116,34,0,0,0,0,0,0,0,0,0,0,0,0,0,0,0,0,0,0,0,0,8.0625,3.21875,2.0625,1.34375,0.09375,23.125,0.3822222222222222,13.4375,0.5625,16,18,0.4705882352941176,0,0,0,0,0.0,104.0
pondeca01w,10,0,PHO,WNBA,34,34,1075,648,32,112,144,171,31,12,86,99,513,236,151,133,120,43,0,11,11,340,200,11,29,40,39,13,0,16,26,164,76,44,39,36,9,0,19.058823529411764,4.235294117647059,5.029411764705882,0.9117647058823528,0.3529411764705882,31.61764705882353,0.4600389863547758,27.058823529411764,1.0,23,11,0.6764705882352942,0,0,0,0,0.009981435643564357,9.0
powelni01w,10,0,SAC,WNBA,34,34,1035,567,51,149,200,77,49,8,84,62,476,198,96,94,212,77,0,0,0,0,0,0,0,0,0,0,0,0,0,0,0,0,0,0,0,0,16.676470588235293,5.882352941176471,2.264705882352941,1.4411764705882353,0.2352941176470588,30.44117647058824,0.4159663865546218,24.029411764705884,1.0,12,22,0.3529411764705882,0,0,0,0,0.0,105.0
pricear01w,10,2,ATL,WNBA,11,0,98,16,7,9,16,4,3,2,9,12,14,5,10,6,0,0,0,2,0,31,10,3,3,6,4,4,0,2,2,9,3,7,4,0,0,0,1.4545454545454546,1.4545454545454546,0.3636363636363636,0.2727272727272727,0.1818181818181818,8.909090909090908,0.3571428571428571,2.909090909090909,0.0,18,16,0.5294117647058824,0,0,0,0,0.0,106.0
pricear01w,10,1,CHI,WNBA,22,0,324,77,25,34,59,26,12,1,18,32,70,27,40,23,0,0,0,0,0,0,0,0,0,0,0,0,0,0,0,0,0,0,0,0,0,0,3.5,2.6818181818181817,1.181818181818182,0.5454545454545454,0.0454545454545454,14.727272727272728,0.3857142857142857,7.136363636363637,0.0,16,18,0.4705882352941176,0,0,0,0,0.0,107.0
pringla01w,10,0,MIN,WNBA,17,0,159,37,14,23,37,8,3,14,14,22,30,13,15,11,0,0,0,0,0,0,0,0,0,0,0,0,0,0,0,0,0,0,0,0,0,0,2.176470588235294,2.176470588235294,0.4705882352941176,0.1764705882352941,0.8235294117647058,9.352941176470589,0.4333333333333333,5.0,0.0,14,20,0.4117647058823529,0,0,0,0,0.0,108.0
quinnno01w,10,0,LAS,WNBA,34,9,929,284,33,89,122,118,40,11,51,59,244,115,37,30,77,24,0,6,4,158,29,5,14,19,23,7,3,19,10,38,10,8,8,10,1,0,8.352941176470589,3.588235294117647,3.4705882352941178,1.1764705882352942,0.3235294117647059,27.323529411764707,0.4713114754098361,15.411764705882351,0.2647058823529412,18,16,0.5294117647058824,0,0,0,0,0.0,109.0
rileyru01w,10,0,SAS,WNBA,31,17,650,163,35,105,140,28,14,45,35,90,147,68,26,23,18,4,4,3,0,44,12,4,3,7,1,1,4,1,7,8,4,6,4,0,0,0,5.258064516129032,4.516129032258065,0.9032258064516128,0.4516129032258064,1.4516129032258065,20.967741935483872,0.4625850340136054,11.451612903225806,0.5483870967741935,15,19,0.4411764705882353,0,0,0,0,0.0,110.0
robinas01w,10,0,SEA,WNBA,26,2,167,12,5,19,24,2,2,13,10,31,25,5,4,2,1,0,0,3,0,18,0,1,0,1,0,0,1,1,2,2,0,0,0,0,0,0,0.4615384615384615,0.9230769230769232,0.0769230769230769,0.0769230769230769,0.5,6.423076923076923,0.2,1.6538461538461535,0.0769230769230769,20,14,0.5882352941176471,0,0,0,0,0.0,111.0
sanfona01w,10,0,WAS,WNBA,34,13,663,213,55,92,147,22,26,14,73,109,164,77,102,59,0,0,1,2,0,35,10,3,2,5,3,0,1,2,10,7,5,2,0,0,0,1,6.264705882352941,4.323529411764706,0.6470588235294118,0.7647058823529411,0.4117647058823529,19.5,0.4695121951219512,10.264705882352942,0.3823529411764705,16,18,0.4705882352941176,0,0,0,0,0.0,112.0
sanniol01w,10,0,DET,WNBA,31,1,298,119,27,30,57,16,11,5,30,56,98,47,36,25,0,0,0,3,0,13,10,1,2,3,0,0,3,0,3,8,5,0,0,0,0,0,3.838709677419355,1.8387096774193548,0.5161290322580645,0.3548387096774194,0.1612903225806451,9.612903225806452,0.4795918367346938,5.741935483870968,0.032258064516129,18,16,0.5294117647058824,0,0,0,0,0.0,113.0
sharpkb01w,10,0,CHI,WNBA,27,0,325,70,3,17,20,25,8,2,23,15,57,23,19,18,17,6,0,0,0,0,0,0,0,0,0,0,0,0,0,0,0,0,0,0,0,0,2.592592592592593,0.7407407407407407,0.925925925925926,0.2962962962962963,0.074074074074074,12.037037037037036,0.4035087719298245,3.7777777777777777,0.0,16,18,0.4705882352941176,0,0,0,0,0.0,114.0
smithbr01w,10,0,PHO,WNBA,21,0,144,21,11,24,35,3,2,3,7,30,15,7,8,7,0,0,0,1,0,6,4,0,0,0,0,1,0,0,1,2,2,0,0,0,0,0,1.0,1.6666666666666667,0.1428571428571428,0.0952380952380952,0.1428571428571428,6.857142857142857,0.4666666666666667,2.7142857142857144,0.0,23,11,0.6764705882352942,0,0,0,0,0.0,115.0
smithka01w,10,0,DET,WNBA,27,27,894,369,13,50,63,76,21,2,62,69,294,128,61,56,132,57,2,0,0,0,0,0,0,0,0,0,0,0,0,0,0,0,0,0,0,0,13.666666666666666,2.333333333333333,2.814814814814815,0.7777777777777778,0.074074074074074,33.111111111111114,0.4353741496598639,17.37037037037037,1.0,18,16,0.5294117647058824,0,0,0,0,0.0,116.0
smithta01w,10,0,PHO,WNBA,34,34,920,336,35,148,183,27,34,57,37,107,304,137,23,20,93,42,4,11,11,290,109,14,50,64,9,15,9,7,38,76,40,12,9,38,20,0,9.882352941176473,5.382352941176471,0.7941176470588235,1.0,1.6764705882352942,27.058823529411764,0.4506578947368421,17.647058823529413,1.0,23,11,0.6764705882352942,0,0,0,0,0.0,117.0
snellbe01w,10,0,SAS,WNBA,30,6,553,187,21,49,70,37,27,3,29,50,182,61,29,23,137,42,0,1,0,7,0,0,2,2,1,0,0,0,0,2,0,0,0,2,0,0,6.233333333333333,2.333333333333333,1.2333333333333334,0.9,0.1,18.433333333333334,0.3351648351648351,9.833333333333334,0.2,15,19,0.4411764705882353,0,0,0,0,0.0,118.0
snowmi01w,10,0,ATL,WNBA,34,2,503,185,40,105,145,17,15,17,39,73,140,67,67,51,2,0,0,2,0,33,9,3,5,8,1,0,2,2,3,10,3,5,3,0,0,0,5.441176470588236,4.264705882352941,0.5,0.4411764705882353,0.5,14.794117647058824,0.4785714285714286,10.0,0.0588235294117647,18,16,0.5294117647058824,0,0,0,0,0.0,119.0
spencsi01w,10,0,NYL,WNBA,33,0,340,99,7,31,38,15,6,1,9,24,88,34,9,9,57,22,0,0,0,0,0,0,0,0,0,0,0,0,0,0,0,0,0,0,0,0,3.0,1.1515151515151516,0.4545454545454545,0.1818181818181818,0.0303030303030303,10.303030303030305,0.3863636363636363,4.545454545454546,0.0,13,21,0.3823529411764705,0,0,0,0,0.0,120.0
suttota01w,10,0,IND,WNBA,27,25,680,266,44,114,158,23,15,40,49,76,204,95,102,76,0,0,2,10,10,311,143,15,41,56,5,9,14,30,30,106,56,45,31,0,0,0,9.851851851851851,5.851851851851852,0.8518518518518519,0.5555555555555556,1.4814814814814814,25.185185185185187,0.4656862745098039,16.77777777777778,0.925925925925926,22,12,0.6470588235294118,0,0,0,0,0.0,121.0
swanike01w,10,0,PHO,WNBA,33,0,388,93,7,46,53,54,15,3,46,34,88,33,18,16,33,11,0,9,0,91,20,2,7,9,13,2,0,7,10,27,8,0,0,11,4,0,2.8181818181818183,1.606060606060606,1.6363636363636365,0.4545454545454545,0.0909090909090909,11.757575757575758,0.375,5.212121212121212,0.0,23,11,0.6764705882352942,0,0,0,0,0.0,122.0
tauradi01w,10,0,PHO,WNBA,31,31,976,631,18,160,178,109,36,43,82,95,434,200,170,152,194,79,0,11,11,362,245,9,56,65,42,8,14,33,41,182,82,56,50,85,31,2,20.35483870967742,5.741935483870968,3.5161290322580645,1.1612903225806452,1.3870967741935485,31.483870967741936,0.4608294930875576,29.516129032258064,1.0,23,11,0.6764705882352942,0,1,0,0,0.06473213806102315,3.0
taylope01w,10,0,PHO,WNBA,14,1,283,153,12,22,34,32,18,2,31,32,108,50,48,43,25,10,0,11,0,265,157,10,28,38,37,4,2,12,23,93,49,51,44,31,15,0,10.928571428571429,2.4285714285714284,2.2857142857142856,1.2857142857142858,0.1428571428571428,20.214285714285715,0.4629629629629629,14.857142857142858,0.0714285714285714,23,11,0.6764705882352942,0,0,0,0,0.0,123.0
teaslni01w,10,1,ATL,WNBA,10,10,234,39,2,15,17,35,9,1,12,28,30,12,10,8,17,7,0,0,0,0,0,0,0,0,0,0,0,0,0,0,0,0,0,0,0,0,3.9,1.7,3.5,0.9,0.1,23.4,0.4,8.9,1.0,18,16,0.5294117647058824,0,0,0,0,0.0,124.0
teaslni01w,10,2,DET,WNBA,11,7,222,42,1,13,14,24,6,4,16,16,39,15,2,2,30,10,0,5,5,83,24,0,1,1,9,1,1,9,16,18,8,6,4,10,4,0,3.8181818181818175,1.2727272727272727,2.1818181818181817,0.5454545454545454,0.3636363636363636,20.181818181818183,0.3846153846153846,6.727272727272728,0.6363636363636364,18,16,0.5294117647058824,0,0,0,0,0.0,125.0
thomach01w,10,0,MIN,WNBA,11,0,66,3,5,10,15,3,3,5,6,15,21,1,2,1,7,0,0,0,0,0,0,0,0,0,0,0,0,0,0,0,0,0,0,0,0,0,0.2727272727272727,1.3636363636363635,0.2727272727272727,0.2727272727272727,0.4545454545454545,6.0,0.0476190476190476,2.090909090909091,0.0,14,20,0.4117647058823529,0,0,0,0,0.0,126.0
thompti01w,10,0,LAS,WNBA,34,34,1182,441,46,153,199,78,26,24,94,71,395,152,98,85,141,52,0,6,6,218,91,16,26,42,17,5,4,15,16,74,28,24,23,26,12,0,12.970588235294118,5.852941176470588,2.294117647058824,0.7647058823529411,0.7058823529411765,34.76470588235294,0.3848101265822785,19.823529411764707,1.0,18,16,0.5294117647058824,0,0,0,0,0.0,127.0
thorner01w,10,0,CHI,WNBA,34,0,577,211,13,40,53,53,20,0,31,32,170,72,33,30,92,37,0,0,0,0,0,0,0,0,0,0,0,0,0,0,0,0,0,0,0,0,6.205882352941177,1.5588235294117647,1.5588235294117647,0.5882352941176471,0.0,16.970588235294116,0.4235294117647059,9.0,0.0,16,18,0.4705882352941176,0,0,0,0,0.0,128.0
tolivkr01w,10,0,CHI,WNBA,27,0,386,205,6,31,37,51,10,3,44,33,159,72,23,21,90,40,0,0,0,0,0,0,0,0,0,0,0,0,0,0,0,0,0,0,0,0,7.592592592592593,1.3703703703703705,1.8888888888888888,0.3703703703703703,0.1111111111111111,14.296296296296296,0.4528301886792453,9.703703703703704,0.0,16,18,0.4705882352941176,1,0,0,0,0.0,129.0
vaughki01w,10,0,NYL,WNBA,34,1,396,163,35,53,88,8,6,3,32,57,148,73,34,17,2,0,0,0,0,0,0,0,0,0,0,0,0,0,0,0,0,0,0,0,0,0,4.794117647058823,2.588235294117647,0.2352941176470588,0.1764705882352941,0.088235294117647,11.647058823529411,0.4932432432432432,6.941176470588236,0.0294117647058823,13,21,0.3823529411764705,1,0,0,0,0.0,130.0
walkeas01w,10,0,SEA,WNBA,13,0,90,23,6,17,23,4,2,2,7,20,28,7,10,8,6,1,0,1,0,1,0,0,0,0,0,0,0,1,0,0,0,0,0,0,0,0,1.7692307692307692,1.7692307692307692,0.3076923076923077,0.1538461538461538,0.1538461538461538,6.923076923076923,0.25,3.615384615384616,0.0,20,14,0.5882352941176471,1,0,0,0,0.0,131.0
walkede01w,10,0,SAC,WNBA,34,30,821,291,54,103,157,65,27,16,92,112,250,119,73,53,1,0,1,0,0,0,0,0,0,0,0,0,0,0,0,0,0,0,0,0,0,0,8.558823529411764,4.617647058823529,1.911764705882353,0.7941176470588235,0.4705882352941176,24.147058823529413,0.476,13.647058823529411,0.8823529411764706,12,22,0.3529411764705882,0,0,0,0,0.0,132.0
wautean01w,10,0,SAS,WNBA,17,16,463,220,29,66,95,19,13,6,44,39,168,92,52,35,6,1,0,3,3,82,32,8,15,23,10,0,0,4,7,36,14,5,4,0,0,0,12.941176470588236,5.588235294117647,1.1176470588235294,0.7647058823529411,0.3529411764705882,27.235294117647054,0.5476190476190477,18.176470588235293,0.9411764705882352,15,19,0.4411764705882353,0,0,0,0,0.0,133.0
whaleli01w,10,0,CON,WNBA,34,34,1000,419,40,116,156,156,43,5,63,87,328,141,129,115,83,22,0,0,0,0,0,0,0,0,0,0,0,0,0,0,0,0,0,0,0,0,12.323529411764708,4.588235294117647,4.588235294117647,1.2647058823529411,0.1470588235294117,29.41176470588235,0.4298780487804878,21.058823529411764,1.0,16,18,0.4705882352941176,0,0,0,0,0.0,134.0
whiteta01w,10,0,CON,WNBA,30,15,659,285,21,61,82,66,35,9,37,73,247,97,50,42,130,49,1,0,0,0,0,0,0,0,0,0,0,0,0,0,0,0,0,0,0,0,9.5,2.7333333333333334,2.2,1.1666666666666667,0.3,21.966666666666665,0.3927125506072874,14.666666666666666,0.5,16,18,0.4705882352941176,0,0,0,0,0.0,135.0
whitmta01w,10,0,CON,WNBA,24,1,376,105,21,31,52,25,9,3,20,34,127,37,33,24,23,7,0,0,0,0,0,0,0,0,0,0,0,0,0,0,0,0,0,0,0,0,4.375,2.1666666666666665,1.0416666666666667,0.375,0.125,15.666666666666666,0.2913385826771653,7.25,0.0416666666666666,16,18,0.4705882352941176,0,0,0,0,0.0,136.0
wiggica01w,10,0,MIN,WNBA,34,34,1017,446,30,70,100,88,41,7,81,99,360,135,150,134,131,42,0,0,0,0,0,0,0,0,0,0,0,0,0,0,0,0,0,0,0,0,13.117647058823527,2.9411764705882355,2.588235294117647,1.2058823529411764,0.2058823529411764,29.91176470588235,0.375,17.676470588235293,1.0,14,20,0.4117647058823529,0,0,0,0,0.0,137.0
willile01w,10,0,PHO,WNBA,34,34,713,340,64,79,143,35,22,9,46,91,255,136,79,67,8,1,0,11,11,254,90,21,27,48,10,4,5,14,26,65,35,24,20,1,0,0,10.0,4.205882352941177,1.0294117647058822,0.6470588235294118,0.2647058823529412,20.97058823529412,0.5333333333333333,14.794117647058824,1.0,23,11,0.6764705882352942,0,0,0,0,0.0,138.0
wirthch01w,10,0,IND,WNBA,21,0,120,22,3,12,15,13,3,1,3,12,29,8,1,1,14,5,0,5,0,27,6,0,3,3,2,0,0,2,4,7,3,0,0,2,0,0,1.0476190476190477,0.7142857142857143,0.6190476190476191,0.1428571428571428,0.0476190476190476,5.714285714285714,0.2758620689655172,2.4285714285714284,0.0,22,12,0.6470588235294118,1,0,0,0,0.0,139.0
wisdoli01w,10,0,LAS,WNBA,29,0,197,69,14,27,41,8,3,8,15,12,61,28,19,12,1,1,0,2,0,3,0,0,1,1,1,0,0,0,0,0,0,0,0,0,0,0,2.3793103448275863,1.4137931034482758,0.2758620689655172,0.1034482758620689,0.2758620689655172,6.793103448275862,0.4590163934426229,3.931034482758621,0.0,18,16,0.5294117647058824,1,0,0,0,0.0,140.0
wrighta01w,10,0,SEA,WNBA,33,33,1072,404,44,73,117,129,50,10,85,119,324,150,106,96,30,8,5,3,3,98,35,9,7,16,16,5,0,9,12,38,13,8,8,4,1,0,12.242424242424242,3.5454545454545454,3.909090909090909,1.5151515151515151,0.303030303030303,32.484848484848484,0.4629629629629629,18.939393939393938,1.0,20,14,0.5882352941176471,0,0,0,0,0.0,141.0
wyckobr01w,10,0,CHI,WNBA,27,23,531,83,17,56,73,38,10,20,29,61,74,28,8,7,51,20,0,0,0,0,0,0,0,0,0,0,0,0,0,0,0,0,0,0,0,0,3.074074074074074,2.703703703703704,1.4074074074074074,0.3703703703703703,0.7407407407407407,19.666666666666668,0.3783783783783784,7.222222222222222,0.8518518518518519,16,18,0.4705882352941176,0,0,0,0,0.0,142.0
youngso01w,10,0,SAS,WNBA,33,33,1113,600,69,146,215,54,44,16,62,67,482,219,189,145,55,17,1,3,3,96,58,6,10,16,6,6,2,5,9,48,22,19,13,2,1,0,18.181818181818183,6.515151515151516,1.6363636363636365,1.3333333333333333,0.4848484848484848,33.72727272727273,0.454356846473029,26.272727272727277,1.0,15,19,0.4411764705882353,0,0,0,0,0.009907786109217602,10.0
youngta01w,10,1,ATL,WNBA,11,0,73,30,6,8,14,5,6,1,9,9,27,9,17,11,5,1,0,0,0,0,0,0,0,0,0,0,0,0,0,0,0,0,0,0,0,0,2.727272727272727,1.2727272727272727,0.4545454545454545,0.5454545454545454,0.0909090909090909,6.636363636363637,0.3333333333333333,4.2727272727272725,0.0,18,16,0.5294117647058824,0,0,0,0,0.0,143.0
youngta01w,10,2,CHI,WNBA,10,6,129,50,10,20,30,7,7,4,11,18,46,16,18,16,8,2,0,0,0,0,0,0,0,0,0,0,0,0,0,0,0,0,0,0,0,0,5.0,3.0,0.7,0.7,0.4,12.9,0.3478260869565217,8.7,0.6,16,18,0.4705882352941176,0,0,0,0,0.0,144.0
zellosh01w,10,0,DET,WNBA,34,4,802,406,25,81,106,62,27,17,77,111,297,118,181,155,49,15,3,5,0,145,78,8,17,25,14,6,3,7,15,68,24,27,23,17,7,0,11.941176470588236,3.117647058823529,1.8235294117647056,0.7941176470588235,0.5,23.58823529411765,0.3973063973063973,15.911764705882351,0.1176470588235294,18,16,0.5294117647058824,1,0,0,0,0.0,145.0
